-- phpMyAdmin SQL Dump
-- version 4.8.5
-- https://www.phpmyadmin.net/
--
-- Servidor: 127.0.0.1:3306
-- Tiempo de generación: 29-01-2021 a las 16:27:25
-- Versión del servidor: 5.7.26
-- Versión de PHP: 5.6.40

SET SQL_MODE = "NO_AUTO_VALUE_ON_ZERO";
SET AUTOCOMMIT = 0;
START TRANSACTION;
SET time_zone = "+00:00";


/*!40101 SET @OLD_CHARACTER_SET_CLIENT=@@CHARACTER_SET_CLIENT */;
/*!40101 SET @OLD_CHARACTER_SET_RESULTS=@@CHARACTER_SET_RESULTS */;
/*!40101 SET @OLD_COLLATION_CONNECTION=@@COLLATION_CONNECTION */;
/*!40101 SET NAMES utf8mb4 */;

--
-- Base de datos: `sicoinet_karlacoello`
--

-- --------------------------------------------------------

--
-- Estructura de tabla para la tabla `analisis_medicos`
--

DROP TABLE IF EXISTS `analisis_medicos`;
CREATE TABLE IF NOT EXISTS `analisis_medicos` (
  `id` int(11) NOT NULL AUTO_INCREMENT,
  `nombre` varchar(255) NOT NULL,
  PRIMARY KEY (`id`)
) ENGINE=MyISAM AUTO_INCREMENT=1336 DEFAULT CHARSET=utf8;

--
-- Volcado de datos para la tabla `analisis_medicos`
--

INSERT INTO `analisis_medicos` (`id`, `nombre`) VALUES
(1, '1 ANTICUERPO IHQ'),
(2, '12 - 15 ANTICUERPOS IHQ'),
(3, '17 ALFA-HIDROXIPROG.'),
(4, '2 ANTICUERPOS IHQ'),
(5, '3 ANTICUERPOS IHQ'),
(6, '4 ANTICUERPOS IHQ'),
(7, '5 ANTICUERPOS IHQ'),
(8, '6 ANTICUERPOS IHQ'),
(9, '7 ANTICUERPOS IHQ'),
(10, '8 - 11 ANTICUERPOS IHQ'),
(11, 'ABSORC. D-XILOSA (ORINA)(2)'),
(12, 'ABSORC. D-XILOSA (SUERO) (2)'),
(13, 'ABSORCION INTESTINAL'),
(14, 'AC (IgA) H.pylori (L-J)'),
(15, 'AC (IgG) H.pylori (L-J)'),
(16, 'AC (lgM) H.pylori (L-J)'),
(17, 'AC ADRENALES (L-Mi)'),
(18, 'AC ANTI AC. TEICOICO**'),
(19, 'AC ANTI ADN NATIVO (2)'),
(20, 'AC ANTI AMIBA'),
(21, 'AC ANTI ASPERGILLUS FUMIGATUS IGE'),
(22, 'AC ANTI BETA 2 GP-1 IGA'),
(23, 'AC ANTI BETA 2 GP-1 IGG'),
(24, 'AC ANTI BETA 2 GP-1 IGM'),
(25, 'AC ANTI Bordetella pertussis (V)'),
(26, 'AC ANTI BRUCELLA IGG (M)'),
(27, 'AC ANTI BRUCELLA IGM (M)'),
(28, 'AC ANTI C. trachomatis (Mi-V)'),
(29, 'AC ANTI CARDIOLIPINA IgG (M-V)'),
(30, 'AC ANTI CARDIOLIPINA IgM (M-V)'),
(31, 'AC ANTI CISTICERCO LCR (L)'),
(32, 'AC ANTI CISTICERCO SUERO (L)'),
(33, 'AC ANTI CITOMEGALOVIRUS (L-J)'),
(34, 'AC ANTI core VBH (IgM) (M-V)'),
(35, 'AC ANTI core VBH (TOTAL) (M-V)'),
(36, 'AC ANTI ENA (Mi-V)'),
(37, 'AC ANTI ESPERMA'),
(38, 'AC ANTI ESTAFILOCOCO (3)'),
(39, 'AC ANTI FACT.INTRINSECO (Mi-V)'),
(40, 'AC ANTI GAD'),
(41, 'AC ANTI GLIADINA (M)'),
(42, 'AC ANTI GNATHOSTOMA(9)'),
(43, 'AC ANTI GRANULOCITOS (1)'),
(44, 'AC ANTI HERPES (L-J)'),
(45, 'AC ANTI HERPES 1 IgG (L-J)'),
(46, 'AC ANTI HERPES 1 IgM (L-J)'),
(47, 'AC ANTI HERPES 2 IgG (L-J)'),
(48, 'AC ANTI HERPES 2 IGM (L-J)'),
(49, 'AC ANTI HISTONAS (Mi-V)'),
(50, 'AC ANTI HLA (PRA) (L-J)'),
(51, 'AC ANTI INSULINA (M)'),
(52, 'AC ANTI ISLOTES DE LANGERHANS (M)'),
(53, 'AC ANTI Jo-1 (Mi-V)'),
(54, 'AC ANTI LEISHMANIA DONOVANI IGG E IGM'),
(55, 'AC ANTI LEPTOSPIRA IgG E IgM (L)'),
(56, 'AC ANTI LISTERIA IgE (11)'),
(57, 'AC ANTI M TUBERCULOSIS IGG (MI-S)'),
(58, 'AC ANTI M TUBERCULOSIS IGM (MI-S)'),
(59, 'AC ANTI MELANOCITOS (M)'),
(60, 'AC ANTI MIELINA (M)'),
(61, 'AC ANTI MITOCONDRIA (Mi-V)'),
(62, 'AC ANTI MUSCULO LISO (L-Mi)'),
(63, 'AC ANTI PLAQUETAS'),
(64, 'AC ANTI RECEPTOR TSH (8)'),
(65, 'AC ANTI Rh'),
(66, 'AC ANTI RICKETTSIA TYPHI (12)'),
(67, 'AC ANTI RUBEOLA (L-J)'),
(68, 'AC ANTI SARAMPION (L)'),
(69, 'AC ANTI ScL-70 (Mi-V)'),
(70, 'AC ANTI TIROIDEOS'),
(71, 'AC ANTI TOXOCARA CANIS IGG (J)'),
(72, 'AC ANTI Toxoplasma gondii (L-J)'),
(73, 'AC ANTI Trypanosoma cruzi'),
(74, 'AC ANTI VARICELA/ZOSTER (L)'),
(75, 'AC ANTI VARICELA/ZOSTER IgG (L)'),
(76, 'AC ANTI VARICELA/ZOSTER IgM (L)'),
(77, 'AC ANTINUCLEARES (3)'),
(78, 'AC AVIARIOS (3)'),
(79, 'AC BORRELIA BURGDORFERI (4)'),
(80, 'AC BORRELIA BURGDORFERI IGG (7)'),
(81, 'AC BORRELIA BURGDORFERI IGM (7)'),
(82, 'AC CELULAS PARIETALES (L-Mi)'),
(83, 'AC CENTROMERO (CENP-B) (MI-V)'),
(84, 'AC CITOPLASMA NEUTROFILOS (Mi-V)'),
(85, 'AC CITOSOL HEPATICO**'),
(86, 'AC CONTRA AG ASOCIADOS A MIOSITIS'),
(87, 'AC E VIRUS B DE HEPATITIS (M-V)'),
(88, 'AC ENDOMISIALES IgA (L-Mi)'),
(89, 'AC FLUORESC TREPONEMA (L-Mi)'),
(90, 'AC HETEROFILOS'),
(91, 'AC HISTOPLASMA CAPSULATUM IgM(7)'),
(92, 'AC HTLV 1 + 2**'),
(93, 'AC IGG ADAMTS-13 (J)'),
(94, 'AC IgG VIRUS CITOMEGALICO (L-J)'),
(95, 'AC IGM E IGG PARA VIRUS DE CHIKUNGUNYA'),
(96, 'AC IgM VIRUS CITOMEGALICO (L-J)'),
(97, 'AC LKM (V)'),
(98, 'AC MEMB.BASAL GLOMERULAR (L)'),
(99, 'AC MUSCULO CARDIACO (L-Mi)'),
(100, 'AC MUSCULO ESTRIADO (L-Mi)'),
(101, 'AC Mycoplasma pneumoniae (L)'),
(102, 'AC Mycoplasma pneumoniae IgG (L)'),
(103, 'AC Mycoplasma pneumoniae IgM (L)'),
(104, 'AC NUCLEOSOMAS (Mi-V)'),
(105, 'AC PAROTIDITIS (L)'),
(106, 'AC PAROTIDITIS IgG (L)'),
(107, 'AC PAROTIDITIS IgM (L)'),
(108, 'AC Parvovirus B-19 (V)'),
(109, 'AC PCNA (L-Mi)'),
(110, 'AC PEPTIDO C Citrulinado (Mi-S)'),
(111, 'AC PROTEINA P-RIBOSOMAL (Mi-V)'),
(112, 'AC REC. ACETILCOLINA (L-J)'),
(113, 'AC RNA (3)'),
(114, 'AC s VIRUS B DE HEPATITIS (M-V)'),
(115, 'AC SACCHAROMYCES CEREVISIAE (L)'),
(116, 'AC SACCHAROMYCES CEREVISIAE IgA (L)'),
(117, 'AC SACCHAROMYCES CEREVISIAE IgG (L)'),
(118, 'AC SSA/Ro Y SSB/La (Mi-V)'),
(119, 'AC VARIOS *'),
(120, 'AC VIH-1 y-o VIH-2 y-o AG VIH'),
(121, 'AC VIRUS A DE HEPAT IgG (M-V)'),
(122, 'AC VIRUS A DE HEPAT IgM (M-V)'),
(123, 'AC VIRUS C DE HEPATITIS'),
(124, 'AC VIRUS D DE HEPATITIS(1)'),
(125, 'AC VIRUS DEL DENGUE (J)'),
(126, 'AC VIRUS EPSTEIN-BARR (M-V)'),
(127, 'Ac VIRUS ZIKA IgG (10)'),
(128, 'Ac VIRUS ZIKA IgM (10)'),
(129, 'ACIDEZ IONICA (pH)'),
(130, 'ACIDO DELTA AMINO LEVULINICO'),
(131, 'ACIDO FENIL MERCAPTOPURICO'),
(132, 'ACIDO FOLICO (L-J)'),
(133, 'ACIDO FOLICO INTRAERITROCITARIO (5)'),
(134, 'ACIDO HIPURICO EN ORINA'),
(135, 'ACIDO LACTICO LCR'),
(136, 'ACIDO LACTICO PLASMA'),
(137, 'ACIDO METIL HIPURICO EN ORINA'),
(138, 'ACIDO MICOFENOLICO'),
(139, 'ACIDO URICO EN ORINA'),
(140, 'ACIDO URICO EN SUERO'),
(141, 'ACIDO VALPROICO'),
(142, 'ACIDO VANILLILMANDELICO (3)'),
(143, 'ACL CONTRA AG ASOCIADO A ESCLEROSIS'),
(144, 'ACTIVIDAD ADAMTS-13 (J)'),
(145, 'ACTIVIDAD DEL PLASMINOGENO'),
(146, 'ACTIVIDAD TRIPTICA'),
(147, 'ADENOSIN DEAMINASA'),
(148, 'ADRENALINA EN ORINA (M->MI)'),
(149, 'AG BACTERIANOS EN LCR'),
(150, 'AG CA 125 EN SUERO (Mi-S)'),
(151, 'AG CA 15-3 EN SUERO (Mi-S)'),
(152, 'AG CA 19-9 EN SUERO (Mi-S)'),
(153, 'AG CARCINOEMBRIONARIO EN SUERO (Mi-S)'),
(154, 'AG CYFRA-21 (Mi-S)'),
(155, 'AG DE PROSTATA ULTRASENSIBLE'),
(156, 'AG E VIRUS B DE HEPATITIS'),
(157, 'AG ESP.PROST.TOT., U. Y LIB. EN SUERO'),
(158, 'AG ESPECIFICO DE PROSTATA'),
(159, 'AG HLA-B27'),
(160, 'AG p24 DEL VIH-1 (V)'),
(161, 'AG s VIRUS B DE HEPATITIS'),
(162, 'AGREG. PLAQUETARIA / IMPEDANCIA'),
(163, 'AGREGACION DE FIBRINA'),
(164, 'AGREGACION PLAQUETARIA'),
(165, 'AGUA PARA USO Y CONSUMO HUMANO (7)'),
(166, 'AGUA PREPARADA (7)'),
(167, 'AGUA Y HIELO (7)'),
(168, 'AGUA Y HIELO POTABLE (7)'),
(169, 'ALANINO AMINO TRANSFERASA EN SUERO'),
(170, 'ALBUMINA'),
(171, 'ALBUMINA EN ORINA'),
(172, 'ALCOHOL**'),
(173, 'ALDOLASA'),
(174, 'ALDOSTERONA (5)'),
(175, 'ALDOSTERONA (ORINA) (5)'),
(176, 'ALFA 2 ANTIPLASMINA'),
(177, 'ALFA 2 MACROGLOBULINA'),
(178, 'ALIM. PRODUCTOS CARNICOS CRUDOS (7)'),
(179, 'ALIMENTO COCIDO (7)'),
(180, 'ALIMENTO CRUDO (7)'),
(181, 'ALIMENTO HELADOS (7)'),
(182, 'ALOANTICUERPOS PRE-TRASPLANTE'),
(183, 'ALOANTICUERPOS PRE-TRASPLANTE (DONANTE CADAVERICO)'),
(184, 'ALUMINIO EN ORINA'),
(185, 'ALUMINIO EN SUERO'),
(186, 'ALZHEIMER, FACTOR DE RIESGO GENÉTICO (APOE4)'),
(187, 'AMIBA EN FRESCO'),
(188, 'AMILASA EN ORINA'),
(189, 'AMILASA EN SUERO'),
(190, 'AMINOTRANSFERASAS'),
(191, 'AML/ETO POR FISH (2)'),
(192, 'AMONIO EN PLASMA'),
(193, 'ANAL. CEL.P/ALOTRANSPLANTE (3)'),
(194, 'ANAL. CEL.P/AUTOTRANSPLANTE (3)'),
(195, 'ANALISIS CITOFLUOROGRAFICO (2)'),
(196, 'ANDROSTENODIONA (Mi-S)'),
(197, 'ANEUPLOIDIAS EN LEUCEMIAS POR MLPA'),
(198, 'ANFETAMINA'),
(199, 'ANGIOTAC DE VENA CAVA INFERIOR'),
(200, 'ANGIOTAC DE VENA CAVA SUPERIOR'),
(201, 'ANGIOTENSINA I'),
(202, 'ANHIDRASAS CARBONICAS ERITRO.*'),
(203, 'ANTI-ACUAFORINA 4 (L - MI)'),
(204, 'ANTIBIOGRAMA (1)'),
(205, 'ANTIBIOGRAMA TB (7)'),
(206, 'ANTICUERPOS CHLAMYDIA PNEUMONIAE (IGA)'),
(207, 'ANTICUERPOS CHLAMYDIA PNEUMONIAE (IGG)'),
(208, 'ANTIESTREPTOLISINA O'),
(209, 'ANTIGENO CHLAMYDIA SPP.'),
(210, 'ANTIGENO DE VON WILLEBRAND (V)'),
(211, 'ANTIGENO PROSTATICO ESPECIFICO P2PSA (PHI)'),
(212, 'ANTITRIPSINA ALFA 1'),
(213, 'ANTITROMBINA III'),
(214, 'APOLIPOPROTEINAS A1 Y B'),
(215, 'ARSENICO EN ORINA'),
(216, 'ARSENICO EN SANGRE'),
(217, 'ASPARTATO AMINO TRANSFERASA EN SUERO'),
(218, 'AUTOANTICUERPOS (*)'),
(219, 'AUTOVACUNA (7)'),
(220, 'AZUCARES REDUCTORES'),
(221, 'B.CERVIX C/IHQ (P16+KI67) (7)'),
(222, 'B.M.OSEA C/IHQ **'),
(223, 'B.PROST.C/IHQ (P63-CK34BE12+R.) (7)'),
(224, 'B.RENAL O PIEL C/IF (7)'),
(225, 'BAAR (INVESTIGACION)*'),
(226, 'BAAR EN CINCO MUESTRAS'),
(227, 'BAAR EN CONTENIDO GASTRICO(3)'),
(228, 'BAAR EN TRES MUESTRAS'),
(229, 'BACTERIOSCOPICO'),
(230, 'BANDAS OLIGOCLONALES EN LCR (13)'),
(231, 'BARBITURICOS (ORINA)'),
(232, 'BCL-2 T(14;18) (6)'),
(233, 'BCL-6 POR FISH (2)'),
(234, 'BCL2 t(14;18) POR FISH (2)'),
(235, 'BENZODIACEPINAS (ORINA)'),
(236, 'BICARBONATO EN ORINA'),
(237, 'BILIRRUBINAS EN SUERO'),
(238, 'BIOPSIA (BAAF) GUIADA POR US(7)'),
(239, 'BRCA1 (SECUENCIACION + MLPA) (60)'),
(240, 'BRCA2 (SECUENCIACION + MLPA) (60)'),
(241, 'C-TELOPEPTIDOS**'),
(242, 'C.TRACHOMATIS POR PCR (4)'),
(243, 'CA 27-29**'),
(244, 'CA 72-4'),
(245, 'CAD. KAPPA Y LAMBDA LIBRES EN SUERO'),
(246, 'CADENAS KAPPA Y LAMBDA LIBRES EN ORINA'),
(247, 'CADMIO EN SANGRE'),
(248, 'CALCIO EN ORINA DE 2 HORAS CAO2'),
(249, 'CALCIO EN ORINA DE 24 HORAS'),
(250, 'CALCIO EN ORINA MUESTRA UNICA'),
(251, 'CALCIO EN SUERO'),
(252, 'CALCIO IONICO EN SUERO'),
(253, 'CALCIO Y FOSFORO EN ORINA'),
(254, 'CALCIO Y FOSFORO EN SUERO'),
(255, 'CALCITONINA (4)'),
(256, 'CALPROTECTINA/LACTOFERRINA'),
(257, 'CANDIDINA (3)'),
(258, 'CAPACITACION ESPERMATICA'),
(259, 'CAPTACION DE TIROXINA EN SUERO'),
(260, 'CARBAMAZEPINA'),
(261, 'CARBOXIHEMOGLOBINA (10)'),
(262, 'CARGA VIRAL CMV (M->MI)'),
(263, 'CARIOTIPO DE ALTA RESOLUCION (15)'),
(264, 'CARIOTIPO EN LIQ.AMNIOTICO (15)'),
(265, 'CARIOTIPO EN MEDULA OSEA'),
(266, 'CARIOTIPO EN SANGRE'),
(267, 'CARIOTIPO ONCOHEMATOLOGIA'),
(268, 'CARNICOS TROC.,CUR. Y MAD. (7)'),
(269, 'CARNICOS TROC.,CUR. Y MAD. (7) CTCM'),
(270, 'CAROTENOS'),
(271, 'CATECOLAMINAS FRACCIONADAS EN ORINA'),
(272, 'CATECOLAMINAS FRACCIONADAS EN PLASMA'),
(273, 'CELULAS ASESINAS NATURALES'),
(274, 'CELULAS T EN LINFOCITAFERESIS'),
(275, 'CERULOPLASMINA'),
(276, 'CHEQUEO EXPRESS MUJER +40 (5)'),
(277, 'CHEQUEO NUTRICION -40'),
(278, 'CHEQUEO NUTRICION +40'),
(279, 'CHIKUNGUNYA (CHIKV), DETECCION DEL VIRUS'),
(280, 'CICLOSPORINA EN SANGRE TOTAL'),
(281, 'CISTATINA C (M-J)'),
(282, 'CITOBACTERIOSCOPICO (VARIOS)'),
(283, 'CITOLOGIA DE MOCO INTESTINAL'),
(284, 'CITOLOGIA DE MOCO NASAL'),
(285, 'CITOLOGIA EXFOLIATIVA (5)'),
(286, 'CITOLOGICO DE L.C.R.'),
(287, 'CITOMEGALOVIRUS (HHV-5) (M->MI)'),
(288, 'CITOMETRIA HEMATICA'),
(289, 'CITOMETRIA HEMATICA CON VSG'),
(290, 'CITOQUIM. DE LIQ. CEFALORRAQUIDEO'),
(291, 'CITRATO EN ORINA'),
(292, 'CLORO EN ORINA'),
(293, 'CLORO EN SUERO'),
(294, 'COBRE EN ORINA'),
(295, 'COBRE EN SUERO'),
(296, 'COCAINA'),
(297, 'COCCIDIOIDINA (3)'),
(298, 'COLESTEROL DE DIST DEN. EN SUERO'),
(299, 'COLESTEROL TOTAL EN SUERO'),
(300, 'COLIFORMES FECALES (7)'),
(301, 'DETECCION DE AG DE INFLUENZA A Y B'),
(302, 'DETECCION DEL VIRUS DE DENGUE Y DE CHIKUNGUNYA (1)'),
(303, 'DETECCION DEL VIRUS DEL DENGUE (1)'),
(304, 'DETERMINACION DE FOSFOLIPIDOS'),
(305, 'DIABETES PREDICT'),
(306, 'DIAGNOSTICO DE DIABETES'),
(307, 'DIGOXINA EN SUERO'),
(308, 'DIMEROS D'),
(309, 'DNA DESNATURALIZADO (Mi-V)'),
(310, 'DOPAMINA EN ORINA'),
(311, 'DROGAS DE ABUSO'),
(312, 'DUPLICACION DE 1q21'),
(313, 'EBV CARGA VIRAL PCR TIEMPO REAL (4)'),
(314, 'ELECTROFORESIS DE FIBRINOGENO*'),
(315, 'ELECTROLITOS EN ORINA'),
(316, 'ELECTROLITOS EN SUDOR'),
(317, 'ELECTROLITOS EN SUERO'),
(318, 'ENFERMEDAD MINIMA RESIDUAL (1)'),
(319, 'ENTEROVIRUS POR PCR'),
(320, 'ENUM. DE CROM. SEXUALES (2)'),
(321, 'ENUM. DE CROMOSOMAS 21 (2)'),
(322, 'ENUM. DE CROMOSOMAS 8 (2)'),
(323, 'ENUMERACION DE CELULAS CD34'),
(324, 'ENZ.CONVERT.DE ANGIOTENSINA (12)'),
(325, 'EOSINOFILOS EN MOCO NASAL'),
(326, 'EOSINOFILOS EN SEC. CONJUNTIVAL'),
(327, 'EOSINOFILOS EN SEC. NASAL (3M)'),
(328, 'EPSTEIN BARR (HHV-4), DETECCIÓN DEL VIRUS'),
(329, 'ERITROPOYETINA (L-J)'),
(330, 'ERITROSEDIMENTACION'),
(331, 'CULTIVO NASAL (5)'),
(332, 'CULTIVO PARA VIDA DE ANAQUEL (7)'),
(333, 'CULTIVOS DE MANOS'),
(334, 'DEFICIENCIA DE CINASA DEL PIRUVATO'),
(335, 'DEHIDROEPIANDROSTERONA (4)'),
(336, 'DEHIDROEPIANDROSTERONA SULFATO'),
(337, 'DELECION 13Q- Y -13 POR FISH (9)'),
(338, 'DELECION 15Q11 -Q13'),
(339, 'DELECION 17p- Y -17 POR FISH (2)'),
(340, 'DELECION 20q- POR FISH (2)'),
(341, 'DELECION 5q- y -5 POR FISH (2)'),
(342, 'DELECION DEL GEN p53 (2)'),
(343, 'DELECIONES EN EL GEN IKZF1'),
(344, 'DELECIONES/DUPLICACIONES EN DMD'),
(345, 'DENSITOMETRÍA ÓSEA CADERA Y ANTEBRAZO (1)'),
(346, 'DENSITOMETRÍA ÓSEA COLUMNA Y ANTEBRAZO (1)'),
(347, 'DENSITOMETRÍA ÓSEA COLUMNA Y CADERA (1)'),
(348, 'DENSITOMETRÍA ÓSEA COLUMNA, CADERA Y ANTEBRAZO (1)'),
(349, 'DENSITOMETRÍA ÓSEA CUERPO COMPLETO (1)'),
(350, 'DENSITOMETRÍA ÓSEA UNA REGION (1)'),
(351, 'DEPURACION DE CREATININA (SUERO/ORINA)'),
(352, 'DEPURACION DE CREATININA ORINA'),
(353, 'DEPURACION DE CREATININA SUERO'),
(354, 'DEPURACION ESTANDAR DE UREA'),
(355, 'DEPURACION ESTANDAR DE UREA DEPEU'),
(356, 'DESAMINASA DEL PORFOBILINOGENO (3)'),
(357, 'DESHIDRATASA DEL ADAL (3)'),
(358, 'DESHIDROGENASA DE LA G-6-PD (J)'),
(359, 'DESHIDROGENASA LACTICA EN SUERO'),
(360, 'DETECCION DE 30 FUSIONES (MULTIPLEX) (4)'),
(361, 'ESCHERICHIA COLI (7)'),
(362, 'ESCOLEX (INVESTIGACION)'),
(363, 'ESPERMATOBIOSCOPIA DIRECTA'),
(364, 'ESPERMATOBIOSCOPIA POST COITO'),
(365, 'ESPERMOCULTIVO(5)'),
(366, 'EST. ELECTROFORETICOS ESPEC.(3)'),
(367, 'ESTIMUL. CON CLONIDINA (L-J)'),
(368, 'ESTRADIOL EN SUERO'),
(369, 'ESTRADIOL ULTRASENSIBLE'),
(370, 'ESTRIOL LIBRE (L-J)'),
(371, 'ESTROGENOS TOTALES'),
(372, 'ESTUDIO DE LIQ. DE ASCITIS'),
(373, 'ESTUDIO DE LIQ. PERITONEAL'),
(374, 'ESTUDIO DE LIQUIDO DE PLEURAL'),
(375, 'ESTUDIO DE LIQUIDO SINOVIAL'),
(376, 'EVALUACION COMPLETA HOMBRES (1)'),
(377, 'EVALUACION COMPLETA MUJERES (5)'),
(378, 'EX.MICROBIOL.CONJUNTIVAL (5)'),
(379, 'EXAMEN CITOLOG. EXPECTORACION(3M) (5)'),
(380, 'EXAMEN CITOLOG. EXPECTORACION(5M) (5)'),
(381, 'EXAMEN CITOLOGICO DE LIQUIDO (5)'),
(382, 'EXAMEN CITOLOGICO DE ORINA (3M) (5)'),
(383, 'EXAMEN CITOLOGICO DE ORINA (5M) (5)'),
(384, 'EXAMEN DIRECTO DE HONGOS'),
(385, 'EXAMEN GENERAL DE ORINA EGO'),
(386, 'EXAMEN MICROBIOLOGICO URETRAL*'),
(387, 'EXTRACCION Y ALMAC. DE DNA (2)'),
(388, 'F. REUMATOIDE (WAALER-ROSE) (1)'),
(389, 'F2 (FACTOR II, PROTROMBINA), C.*97G>A (20210G>A)'),
(390, 'F5 (FACTOR V), MUTACION P.ARG534GLN (LEIDEN, R506Q)'),
(391, 'FACTOR 3 PLAQUETARIO'),
(392, 'FACTOR FLETCHER (PRECALICREINA) (4)'),
(393, 'FACTOR II'),
(394, 'FACTOR IX'),
(395, 'FACTOR NECROSIS TUMORAL ALFA (J)'),
(396, 'FACTOR REUMATOIDE'),
(397, 'FACTOR REUMATOIDE (NEFELOMETRIA)'),
(398, 'FACTOR V'),
(399, 'FACTOR V (MUTACION CAMBRIDGE) (4)'),
(400, 'FACTOR V (MUTACION HONG-KONG) (4)'),
(401, 'FACTOR V (MUTACION LIVERPOOL) (4)'),
(402, 'FACTOR V HAPLOTIPO R2 (4)'),
(403, 'FACTOR VII'),
(404, 'FACTOR VIII ANTIGENICO'),
(405, 'FACTOR VIII COAGULANTE'),
(406, 'FACTOR X'),
(407, 'FACTOR XI'),
(408, 'FACTOR XII'),
(409, 'FACTOR XIII (1)'),
(410, 'FAGOCITOSIS (L A J) (2)'),
(411, 'FARMACOGENETICA DE CLOPIDOGREL (4)'),
(412, 'FARMACOGENETICA DE WARFARINA (4)'),
(413, 'FENCICLIDINA'),
(414, 'FENILALANINA EN PLASMA (12)'),
(415, 'FENITOINA EN SUERO'),
(416, 'FENOBARBITAL'),
(417, 'FENOL URINARIO (10)'),
(418, 'FENOTIPO HPN (1)'),
(419, 'FENOTIPO INM. DE PLAQUETAS (1)'),
(420, 'FERRITINA EN SUERO (Mi-S)'),
(421, 'FETOPROTEINA ALFA 1 EN SUERO (Mi-S)'),
(422, 'FIBRINOGENO (ANTIGENICO)'),
(423, 'FIBRINOGENO (FUNCIONAL)'),
(424, 'FIBROMAX PERFIL'),
(425, 'FIBROSCAN (2)'),
(426, 'FIBROTEST-ACTITEST PERFIL'),
(427, 'FLUORUROS EN ORINA (12)'),
(428, 'FOSF. ACIDA RESIST. A TARTRATO'),
(429, 'FOSFATASA ACIDA'),
(430, 'FOSFATASA ALCALINA EN LEUCOCITOS'),
(431, 'FOSFATASA ALCALINA EN SUERO'),
(432, 'FOSFATASA ALCALINA OSEA (J)'),
(433, 'FOSFATASAS'),
(434, 'FOSFOQUINASA DE LA CREATINA (SUERO)'),
(435, 'FOSFORO EN ORINA'),
(436, 'FOSFORO EN SUERO'),
(437, 'FRAC. BETA LIBRE DE GCH-EMBARAZO (4)'),
(438, 'FRAG. A LAS SOL. HIPOTONICAS'),
(439, 'FRAGILIDAD CAPILAR'),
(440, 'FRUCTOSAMINA'),
(441, 'FRUCTUOSA EN SEMEN'),
(442, 'FUNCION DE VON WILLEBRAND (V)'),
(443, 'FUNCION HEPATICA PARCIAL'),
(444, 'FUSION BCR/ABL1 (P190 Y P210, CROMOSOMA FILADELFIA, T(9;22)(Q34.1;Q11.2))'),
(445, 'FUSION BCR/ABL1 (P210, CROMOSOMA FILADELFIA, T(9;22)(Q34.1;Q11.2))'),
(446, 'FUSION CBFB/MYH11 (INV(16)(P13Q22) O T(16;16)(P13;Q22))'),
(447, 'FUSION ETV6/RUNX1 (T(12;21))(P13;Q22), TEL/AML1))'),
(448, 'FUSION FIP1L1-PDGFRA (4Q12)'),
(449, 'FUSION PML/RAR ALFA FENOTIPO (3)'),
(450, 'FUSION PML/RARA (T(15;17) (Q22;Q21))'),
(451, 'FUSION RUNX1/RUNX1T1 (AML/ETO, T(8;21)(Q22;Q22))'),
(452, 'FUSION TCF3/PBX1 (T(1;19)(Q23;P13),E2A/PBX1))'),
(453, 'FUSIONES CON MLL POR FISH (2)'),
(454, 'GANGLIO LINFATICO C/IHQ (7)'),
(455, 'GASOMETRIA'),
(456, 'GASTRINA (5)'),
(457, 'GENOTIPIFICACION DE RECEPTORES KIR(4)'),
(458, 'GENOTIPO DE APO E (4)'),
(459, 'GENOTIPO HCV**'),
(460, 'Giardia EN HECES'),
(461, 'GINECOLOGICO'),
(462, 'GLOBULINA DE HORMONAS SEXUALES (4)'),
(463, 'GLUCAGON'),
(464, 'GLUCOSA EN SUERO'),
(465, 'GLUCOSA POST PRANDIAL EN SUERO'),
(466, 'GLUCOSA POST-PRANDIAL EN SUERO (3M)'),
(467, 'GLUTAMIL TRANSPEPTIDASA GAMA (SUERO)'),
(468, 'GLYCOMARK'),
(469, 'GONADOTROFINA CORIONICA BETA (SUERO)'),
(470, 'GONADOTROFINA CORIONICA EN ORINA'),
(471, 'GRASAS EN HECES (CUALITATIVA)'),
(472, 'GRASAS EN HECES (CUANTITATIVA)'),
(473, 'GRUPO RH FETAL NO INVASIVO (7)'),
(474, 'GRUPO SANGUINEO Y RH'),
(475, 'HAPTOGLOBINA'),
(476, 'HBV, CARGA VIRAL'),
(477, 'HBV, DETECCION'),
(478, 'HCV, CARGA VIRAL'),
(479, 'HEMOCULTIVO (9)'),
(480, 'HEMOFILIA A POR LIGAMIENTO (12)'),
(481, 'HEMOGLOBINA GLUCOSILADA (A1c)'),
(482, 'HEMOGLOBINA LIBRE**'),
(483, 'HEMOGLOBINA S (4)'),
(484, 'HEMOGLOBINAS ANORMALES (L-J)'),
(485, 'HEMOSIDERINA EN MEDULA OSEA'),
(486, 'HEMOSIDERINA EN ORINA'),
(487, 'HEPATICO'),
(488, 'HEPATITIS CRONICA *'),
(489, 'HER 1 (EGFR) (FISH) (5)'),
(490, 'HER 2 NEU (FISH) (5)'),
(491, 'HERPES SIMPLE TIPO 1 Y 2 (HHV-1 Y HHV-2), DETECCIÓN DE LOS VIRUS'),
(492, 'HEV, CARGA VIRAL'),
(493, 'HFE C282Y y H63D (4)'),
(494, 'HIDROXIPROLINA EN ORINA (3)'),
(495, 'HIERRO EN SUERO'),
(496, 'HIRSUTISMO*'),
(497, 'HISTOLOGIA DE BIOPSIA TIPO A(12)'),
(498, 'HISTOLOGIA DE BIOPSIA TIPO B(7)'),
(499, 'HISTOLOGIA DE BIOPSIA TIPO C(7)'),
(500, 'HISTOPLASMINA (2)'),
(501, 'HLA-A DE ALTA RESOLUCION'),
(502, 'HLA-A, B Y DRB1 DE BAJA RESOLUCION'),
(503, 'HLA-B DE ALTA RESOLUCION'),
(504, 'HLA-CW DE ALTA RESOLUCION'),
(505, 'HLA-DQB1 DE ALTA RESOLUCION'),
(506, 'HLA-DQB1 DE BAJA RESOLUCION'),
(507, 'HLA-DRB1 DE ALTA RESOLUCION'),
(508, 'HOMOCISTEINA EN SUERO'),
(509, 'HONGOS PATOGENOS (INVESTIG) *'),
(510, 'HORMONA ADRENOCORTICOTROPICA'),
(511, 'HORMONA ADRENOCORTICOTROPICA VESPERTINA'),
(512, 'HORMONA ANTI MULLERIANA (7)'),
(513, 'HORMONA DE CRECIMIENTO (L-J)'),
(514, 'HORMONA ESTIMULANTE TIROIDES (SUERO)'),
(515, 'HORMONA FOLICULO ESTIMULANTE(SUERO)'),
(516, 'HORMONA LUTEINIZANTE EN SUERO'),
(517, 'HORMONAL MASCULINO (M-V)'),
(518, 'IGH/CCND1 POR FISH (2)'),
(519, 'IGH/FGFR3 POR FISH'),
(520, 'IHQ CD117 (7)'),
(521, 'IHQ HER 2 NEU (7)'),
(522, 'IHQ HER 2 Y RECEPTORES (7)'),
(523, 'IHQ MAMA (7)'),
(524, 'INDICE APRI'),
(525, 'INDICE FENILALANINA/TIROSINA (12)'),
(526, 'INDICE HOMA EN SUERO'),
(527, 'INHIB. DEL ACTIV. DEL PLASMINOGENO'),
(528, 'INHIBIDOR DE ESTERASA DE C1 (V)'),
(529, 'INHIBIDOR DEL FACTOR IX'),
(530, 'INHIBIDOR DEL FACTOR VIII'),
(531, 'INHIBINA A (6)'),
(532, 'INHIBINA B'),
(533, 'INMUNO HISTOQUIMICA CON CLASIFICACION **'),
(534, 'INMUNOFENOTIPO (2)'),
(535, 'INMUNOFIJACION (LCR) (2)'),
(536, 'INMUNOFIJACION (ORINA)'),
(537, 'INMUNOFIJACION (SUERO) (2)'),
(538, 'INMUNOFLUORESCENCIA EN TEJIDO (7)'),
(539, 'INMUNOGLOBULINA E (IgE)'),
(540, 'INMUNOGLOBULINA IgG EN L.C.R.'),
(541, 'JAK2, MUTACION C.1849G>T (P.VAL617PHE, V617F)'),
(542, 'KINYOUN TINCION'),
(543, 'LAMOTRIGINA (12)'),
(544, 'LEFLUNOMIDA'),
(545, 'LEPTINA'),
(546, 'LIPASA EN SUERO'),
(547, 'LIPIDOS CARDIOVASCULARES'),
(548, 'LIPOCALINA ASOCIADA A GELATINASA DE NEUTRÓFILOS (NGAL)'),
(549, 'LIPOPROTEINA Lp(a)'),
(550, 'LITIO EN SUERO (5)'),
(551, 'M. TUBERCULOSIS, DETECCIÓN'),
(552, 'MAGNESIO EN ORINA'),
(553, 'MAGNESIO EN SUERO'),
(554, 'MANEJO ESPECIAL DE MUESTRA'),
(555, 'MANGANESO EN SANGRE'),
(556, 'MARIHUANA'),
(557, 'MAS DE 15 ANTICUERPOS IHQ'),
(558, 'MATERIAL DESECHABLE'),
(559, 'MATERIAL DESECHABLE 2'),
(560, 'MATERNIDAD DUO'),
(561, 'MAYONESA Y ADEREZOS (7)'),
(562, 'MERCURIO EN ORINA'),
(563, 'MERCURIO EN SANGRE'),
(564, 'METAHEMOGLOBINA (L a V)'),
(565, 'METANEFRINAS EN ORINA (L)'),
(566, 'METANEFRINAS EN PLASMA (6)'),
(567, 'METANFETAMINAS'),
(568, 'METOTREXATO (3)'),
(569, 'MI PRIMER PERFIL DE EMBARAZO'),
(570, 'MICOBACTERIAS (CULTIVO)*, 8 SEMANAS'),
(571, 'MICROALBUMINURIA'),
(572, 'MICROBIOLOGICO SECRECION GENITAL'),
(573, 'MICROGLOBULINA B2 EN ORINA'),
(574, 'MICROGLOBULINA BETA-2'),
(575, 'MIELOCULTIVO (9)'),
(576, 'MIELOGRAMA (1)'),
(577, 'MIOGLOBINA'),
(578, 'MONOSOMIA 7 POR FISH (2)'),
(579, 'MORFINA'),
(580, 'MORFOLOGIA POR CONTRASTE DE FASE (3)'),
(581, 'MTHFR, VARIANTE P.ALA222VAL (MTHFR 677C>T), GENOTIPO'),
(582, 'MULTIMEROS DEL FACTOR DE VON WILLEBRAND'),
(583, 'MUT.FREC. EN TALASEMIA BETA (7)'),
(584, 'MUTACIÓN ABL T315I'),
(585, 'MUTACION D816V DEL GEN KIT (6)'),
(586, 'MUTACION T315I DE ABL (6)'),
(587, 'MUTACION V600E DEL GEN BRAF (4)'),
(588, 'MUTACION W515 L/K DEL GEN MPL (4)'),
(589, 'MUTACIONES DEL EXON 12 DE NPM1'),
(590, 'MUTACIONES DEL EXON 9 DE CALR'),
(591, 'MUTACIONES DEL GEN CEBPA'),
(592, 'MUTACIONES DEL GEN CFTR (*)'),
(593, 'MUTACIONES EN EL GEN FLT3'),
(594, 'MYC T(8;14) POR FISH'),
(595, 'MYCOBACTERIUM TB-NO-TB GENES RESISTENCIA M. TB'),
(596, 'NAT2, GENOTIPO (ALELOS *4, *5, *6, *7)'),
(597, 'NICOTINA EN ORINA (5)'),
(598, 'NICOTINA EN SUERO'),
(599, 'NIQUEL EN SANGRE'),
(600, 'NITROGENO UREICO EN SUERO'),
(601, 'NITROGENO UREICO POST EN SUERO'),
(602, 'NORADRENALINA EN ORINA (M->MI)'),
(603, 'NORMETANEFRINAS EN ORINA (L)'),
(604, 'OBTENCION AISLADA DE MUESTRA'),
(605, 'OSMOLALIDAD EN ORINA'),
(606, 'OSMOLALIDAD EN SUERO'),
(607, 'OSMOLARIDAD EN ORINA'),
(608, 'OSMOLARIDAD EN SUERO'),
(609, 'OSTEOCALCINA'),
(610, 'OSTEOPOROSIS (O24hrs)*'),
(611, 'OXALATOS EN ORINA DE 24 HORAS'),
(612, 'OXCARBAZEPINA'),
(613, 'PANCREATICO'),
(614, 'PANEL ALERGENOS ALIMENTARIOS'),
(615, 'PANEL ALERGENOS INHALATORIOS'),
(616, 'PAQUETE PREVENTIVO'),
(617, 'PARAMETROS DE HIERRO (MI-S)'),
(618, 'PARASITOS (IDENTIFICACION)'),
(619, 'PARASITOSCOPICO NO RUTINARIO'),
(620, 'PARATHORMONA'),
(621, 'PARATIROIDEO'),
(622, 'PARENTESCO'),
(623, 'PARVOVIRUS B19 POR PCR (4)'),
(624, 'PATERNIDAD CON MADRE'),
(625, 'PATERNIDAD MUESTRA ESPECIAL'),
(626, 'PATERNIDAD PERSONA EXTRA'),
(627, 'PATERNIDAD POR LINEA PATERNA (12)'),
(628, 'PATERNIDAD SIN MADRE'),
(629, 'PEPTIDO C (5)'),
(630, 'PEPTIDO NATRIURETICO CEREBRAL'),
(631, 'PERF.LEUCEMIA AG.MIELOBLASTICA *'),
(632, 'PERF.LEUCEMIA AGUDA LINFOBLAST *'),
(633, 'PERF.MIELOMA MULTIPLE (2)'),
(634, 'PERFIL AMPLIADO DEL DIABETICO'),
(635, 'PERFIL ANDROGENICO *'),
(636, 'PERFIL BASICO'),
(637, 'PERFIL BASICO DEL DIABETICO'),
(638, 'PERFIL CARDIACO 1'),
(639, 'PERFIL CELIACO*'),
(640, 'PERFIL CHIQUITINES'),
(641, 'PERFIL COMPLETO'),
(642, 'PERFIL COMPLETO + GINECOLOGICO'),
(643, 'PERFIL COMPLETO + TIROIDEO'),
(644, 'PERFIL COMPLETO + URINARIO'),
(645, 'PERFIL COMPLETO DE TROMBOFILIA *'),
(646, 'PERFIL COPROLOGICO (ADULTOS) *'),
(647, 'PERFIL COPROLOGICO (NIÑOS) *'),
(648, 'PERFIL CUADRUPLE MARCADOR (10)'),
(649, 'PERFIL DE EMBARAZO'),
(650, 'PERFIL DE INFARTO AMPLIADO'),
(651, 'PERFIL DE ISQUEMIA CARDIACA'),
(652, 'PERFIL DE LIPIDOS A (1)'),
(653, 'PERFIL DE LIPIDOS B (1)'),
(654, 'PERFIL DE LIPIDOS ESENCIAL'),
(655, 'PERFIL DE LITIASIS *'),
(656, 'PERFIL DE LUPUS ERITEMATOSO *'),
(657, 'PERFIL DE NIÑOS'),
(658, 'PERFIL DEL EJECUTIVO MODERNO (3)'),
(659, 'PERFIL DIABETICO (DIAGNOSTICO) (Mi-S)'),
(660, 'PERFIL FEMENINO'),
(661, 'PROTEINA C REACTIVA'),
(662, 'PROTEINA DE BENCE JONES'),
(663, 'PROTEINA EPIDIDIMAL (V)'),
(664, 'PROTEINA S DE COAGULACION (J->V)'),
(665, 'PROTEINAS DEL SUERO Y SUS FRAC'),
(666, 'PROTEINAS TOTALES EN SUERO'),
(667, 'PROTEINAS URINARIAS Y FRACC(2)'),
(668, 'PROTOPORFIRINA LIBRE ERITRO.'),
(669, 'PROTOPORFIRINA/Zn ERITROCITICA'),
(670, 'PRUEBA CONFIRMATORIA PARA TREPONEMA PALLIDUM IGG (J)'),
(671, 'PRUEBA COVID-19 POR PCR'),
(672, 'PRUEBA DE PANCREOLAURIL (4)'),
(673, 'PRUEBA PILOTO CULTIVO DE HONGOS'),
(674, 'PRUEBA PITOLO CULTIVO MANO IZQ'),
(675, 'PRUEBAS DE FUNCION HEPATICA'),
(676, 'PRUEBAS DE FUNCION TIROIDEA'),
(677, 'PUNCION LUMBAR'),
(678, 'QUANTIFERON TB-PLUS (J)'),
(679, 'QUANTOSE'),
(680, 'QUESOS FCOS., MAD. Y PROC. (7)'),
(681, 'QUIMERISMO P/MICROSATELITES'),
(682, 'QUIMICA SANGUINEA COMPLETA BANCOS'),
(683, 'QUIMICA SANGUINEA DE 3 ELEMENTOS'),
(684, 'QUIMICA SANGUINEA DE 36 ELEMENTOS'),
(685, 'QUIMICA SANGUINEA DE 6 ELEMENTOS'),
(686, 'QUIMICA SANGUINEA MODS CLINIC'),
(687, 'REABSORCION TUBULAR DE FOSFORO'),
(688, 'REACC. FEB. DE AGLUTINACION'),
(689, 'REACCION CON ROSA DE BENGALA'),
(690, 'REACCION DE HUDDLESON'),
(691, 'REACCION DE WIDAL*'),
(692, 'REACCIONES LUETICAS (VDRL)'),
(693, 'REARREGLO FGFR1'),
(694, 'REARREGLO PDGFRB (5Q32)'),
(695, 'REARREGLOS IgH Y TCR (10)'),
(696, 'RECEP. ESTROG. Y PROG. (9)'),
(697, 'RECEPTOR ALOANTICUERPOS (DONANTE CADAVERICO)'),
(698, 'RELACION ALBUMINA/CREATININA (ORINA)'),
(699, 'RENAL (1)'),
(700, 'RENINA**'),
(701, 'RESIST. A LA PROT. C DE COAGULACIÓN ACTIVADA'),
(702, 'RETICULOCITOS'),
(703, 'REUMATICO COMPLETO'),
(704, 'REVISION DE LAMINILLAS (7)'),
(705, 'RIESGO CARDIOVASCULAR'),
(706, 'ROTAVIRUS EN HECES'),
(707, 'SALMONELLA (7)'),
(708, 'SANGRE OCULTA EN HECES'),
(709, 'SANGRE OCULTA EN HECES (3M)(3)'),
(710, 'SARS-COV-2 (COVID-19) ANTICUERPOS IgG'),
(711, 'SELENIO'),
(712, 'SERIE BLANCA EN SANGRE TOTAL'),
(713, 'SERIE ROJA EN SANGRE TOTAL'),
(714, 'SEROTONINA EN ORINA (Mi->J)'),
(715, 'SEROTONINA EN SUERO'),
(716, 'SEXO FETAL NO INVASIVO'),
(717, 'SHIGA TOXIN (E.COLI)'),
(718, 'SHOX-DNA-DX (55)'),
(719, 'SINDROME CRI-DU-CHAT POR FISH (4)'),
(720, 'SIROLIMUS EN SANGRE TOTAL (L-Mi)'),
(721, 'SIROLIMUS P (L-Mi)'),
(722, 'SODIO EN ORINA'),
(723, 'SODIO EN SUERO'),
(724, 'SOMATOMEDINA C (L- Mi)'),
(725, 'STAPHYLOCOCCUS AUREUS (7)'),
(726, 'SUBCLASES DE IGA'),
(727, 'SUBCLASES DE IgG (S)'),
(728, 'SUBPOBLACIONES DE LINFOCITOS'),
(729, 'SUP.INERTES (UT., MESAS, ETC.) (7)'),
(730, 'SUPRES.CORTISOL C/DEXAMETASONA'),
(731, 'SUSCEPTIBILIDAD CELIACA'),
(732, 'T. DE TROMBOPLASTINA PARC. EN PLASMA'),
(733, 'T3 LIBRE EN SUERO'),
(734, 'T3 TOTAL EN SUERO'),
(735, 'T4 LIBRE EN SUERO'),
(736, 'T4 TOTAL EN SUERO'),
(737, 'TACROLIMUS EN SANGRE TOTAL'),
(738, 'TALASEMIA ALFA (4)'),
(739, 'TALIO EN ORINA (10)'),
(740, 'TALIO EN SUERO (10)'),
(741, 'TAMIZ MAS'),
(742, 'TAMIZ METABOLICO NEONATAL'),
(743, 'TAMIZ NEONATAL COMPLETO (J->L)'),
(744, 'TAMIZ NEONATAL ULTRASENSIBLE TAMI-K 76**'),
(745, 'TAMIZ PARA DIABETES GESTACIONAL (SUERO)'),
(746, 'TASA DE FILTRACION GLOMERULAR'),
(747, 'TEL/AML POR FISH (2)'),
(748, 'TENDENCIA HEMORRAGICA A'),
(749, 'TENDENCIA HEMORRAGICA B'),
(750, 'TESTOSTERONA EN SUERO'),
(751, 'UVEITIS (*)'),
(752, 'VALORACION PREBIOPSIA(1)'),
(753, 'VANCOMICINA'),
(754, 'VARICELA-ZOSTER (HHV-3), DETECCION DEL VIRUS'),
(755, 'VASOPRESINA INMUNOREACTIVA'),
(756, 'VIH POR PCR (10)'),
(757, 'VIH-1, CARGA VIRAL'),
(758, 'VIH-1, RESISTENCIA GENOTÍPICA DE PR Y RT'),
(759, 'VIRUS BK, CARGA VIRAL'),
(760, 'VIRUS C DE LA HEPATITIS'),
(761, 'VIRUS DE LA INFLUENZA A Y AH1N1 DETECCIÓN'),
(762, 'VISCOSIDAD RELATIVA DEL SUERO'),
(763, 'VISITA A'),
(764, 'VISITA A 20'),
(765, 'VISITA A 25'),
(766, 'VISITA Agraquest-Bayer'),
(767, 'VISITA B'),
(768, 'VISITA B 20'),
(769, 'VISITA C'),
(770, 'VISITA C 20'),
(771, 'VISITA C 25'),
(772, 'VISITA FORANEA'),
(773, 'VITAMINA B 12 (L-J)'),
(774, 'VITAMINA B6 (9)'),
(775, 'VITAMINA D'),
(776, 'VPH CERVICAL, DETECCIÓN Y TIPIFICACIÓN'),
(777, 'VPH URETRAL, DETECCIÓN Y TIPIFICACIÓN'),
(778, 'VPH, DETECCION Y TIPIFICACION'),
(779, 'YODO PROTEICO (4)'),
(780, 'ZIKA VIRUS RNA (1)'),
(781, 'ELECTROCARDIOGRAMA (1)'),
(782, 'COLPOSCOPIA'),
(783, 'ESPIROMETRIA CHEQUEO'),
(784, 'ESPIROMETRIA CON BRONCODILATADOR (1)'),
(785, 'ESPIROMETRIA SIMPLE (1)'),
(786, 'MARCAJE CON ARPON POR MASTOGRAFIA'),
(787, 'MASTOGRAFIA'),
(788, 'MASTOGRAFIA ANALOGICA BILATERAL Y US MAMARIO'),
(789, 'MASTOGRAFIA BILATERAL'),
(790, 'MASTOGRAFIA UNILATERAL'),
(791, 'AGUJEROS OPTICOS -1'),
(792, 'COLUMNA LUMBAR 4 PROYECCIONES DINAMICA'),
(793, 'FISTULOGRAFIA -1'),
(794, 'MASTOIDES Y/O PEÑASCOS (2RAD) (1)'),
(795, 'PANORAMICA DE COLUMNA AP'),
(796, 'RAYOS X ABDOMEN AP DE PIE-1'),
(797, 'RAYOS X ABDOMEN DE PIE Y DECUBITO-2'),
(798, 'RAYOS X ABDOMEN DOS PROYECCIONES AP Y LAT'),
(799, 'RAYOS X ABDOMEN UNA POSICION-1'),
(800, 'RAYOS X ANTEBRAZO AP COMPARATIVOS - 1'),
(801, 'RAYOS X ANTEBRAZO AP Y LATERAL - 2'),
(802, 'RAYOS X ANTEBRAZO AP Y OBLICUA - 2'),
(803, 'RAYOS X ANTEBRAZO AP-1'),
(804, 'RAYOS X ANTEBRAZO AP, LAT Y OBLICUA - 3'),
(805, 'RAYOS X ANTEBRAZO LATERAL-1'),
(806, 'RAYOS X ANTEBRAZO OBLICUA - 1'),
(807, 'RAYOS X AP AXIAL DE RODILLA ESCOTADURA INTERCONDILLA (CAMP CONVENTRY)'),
(808, 'RAYOS X AP ESCAPULA - 1'),
(809, 'RAYOS X APICOGRAMA -1'),
(810, 'RAYOS X ARTICULACION TEMPOROMANDIBULAR CON BOCA ABIERTA Y CERRADA COMPARATIVAS - 4'),
(811, 'RAYOS X ARTICULACION TEMPOROMANDIBULAR DERECHA CON BOCA ABIERTA Y CERRADA - 2'),
(812, 'RAYOS X AXIAL DE ESCAPULA - 1'),
(813, 'RAYOS X CADERA AP Y LAT - 2'),
(814, 'RAYOS X CADERA AP Y OBLICUA-2'),
(815, 'RAYOS X CADERA AP-1'),
(816, 'RAYOS X CADERA AP/LAT Y OBLICUA - 3'),
(817, 'RAYOS X CADERA LATERAL - 1'),
(818, 'RAYOS X CADERA OBLICUA-1'),
(819, 'RAYOS X CALCANEO AP Y LATERAL-2'),
(820, 'RAYOS X CALCANEO AP-1'),
(821, 'RAYOS X CALCANEO AXIAL Y LATERAL-2'),
(822, 'RAYOS X CALCANEO LATERAL-1'),
(823, 'RAYOS X CEFALOPELVIMETRIA-2'),
(824, 'RAYOS X CINCO PROYECCIONES'),
(825, 'RAYOS X CLAVICULA AP-1'),
(826, 'RAYOS X CLAVICULA DOS PROYECCIONES AP Y OBL'),
(827, 'RAYOS X CODO AP / LAT Y OBLICUA - 3'),
(828, 'RAYOS X CODO AP Y LATERAL - 2'),
(829, 'RAYOS X CODO AP Y OBLICUA - 2'),
(830, 'RAYOS X CODO AP-1'),
(831, 'RAYOS X CODO LATERAL-1'),
(832, 'RAYOS X CODO OBLICUA - 1'),
(833, 'RAYOS X CODO OBLICUAS COMPARATIVAS - 2'),
(834, 'RAYOS X CODOS COMPARATIVOS AP Y LAT.-2'),
(835, 'RAYOS X CODOS COMPARATIVOS AP-1'),
(836, 'RAYOS X COL CERVICAL AP LAT Y DIMANICA-4'),
(837, 'RAYOS X COL CERVICAL AP-1'),
(838, 'RAYOS X COL CERVICAL AP, LAT Y OBLICUAS - 4'),
(839, 'RAYOS X COL CERVICAL AP. LAT. OBL Y DINAMICAS-6'),
(840, 'RAYOS X COL CERVICAL DINAMICAS-2'),
(841, 'RAYOS X COL CERVICAL LATERAL - 1'),
(842, 'RAYOS X COL CERVICAL LATERAL Y AP-2'),
(843, 'RAYOS X COL CERVICAL OBLICUA Y DINAMICAS-4'),
(844, 'RAYOS X COL CERVICAL OBLICUAS-2'),
(845, 'RAYOS X COL DORSAL 1 PROYECCION-1'),
(846, 'RAYOS X COL DORSAL AP LATERAL Y OBLICUAS-4'),
(847, 'RAYOS X COL DORSAL AP Y LATERAL-2'),
(848, 'RAYOS X COL DORSAL AP-1'),
(849, 'RAYOS X COL DORSAL LATERAL-1'),
(850, 'RAYOS X COL DORSAL OBLICUAS - 2'),
(851, 'CERTIFICADO MEDICO (1)'),
(852, 'EXAMEN MEDICO'),
(853, 'B.CON AGUJA DE CORTE GUIADA POR US 2 LESIONES(7)'),
(854, 'B.CON AGUJA DE CORTE GUIADA POR US(7)'),
(855, 'B.CON AGUJA DE CORTE Y 3 MARCADORES IHQ(7)'),
(856, 'B.CON AGUJA DE CORTE Y 4 MARCADORES IHQ(7)'),
(857, 'DOPPLER VENOSO DE MIEMBRO SUPERIOR IZQUERDO'),
(858, 'GRAPA DE TITANIO LOCALIZADORA DE LESION (1)'),
(859, 'MARCAJE CON ARPON POR US (1)'),
(860, 'ULTRASONIDO 4A DIMENSION'),
(861, 'ULTRASONIDO 4A DIMENSION GEMELAR'),
(862, 'ULTRASONIDO ABDOMEN COMPLETO'),
(863, 'ULTRASONIDO ABDOMINAL SUPERIOR'),
(864, 'ULTRASONIDO CUELLO (1)'),
(865, 'ULTRASONIDO DE ABDOMEN CON PRUEBA DE BOYDEN'),
(866, 'ULTRASONIDO DOPPLER 1 REGION'),
(867, 'ULTRASONIDO DOPPLER 2 REGIONES'),
(868, 'ULTRASONIDO DOPPLER ARTERIAL BILATERAL DE MIEMBROS INFERIORES'),
(869, 'ULTRASONIDO DOPPLER ARTERIAL BILATERAL MIEMBROS SUPERIORES'),
(870, 'ULTRASONIDO DOPPLER ARTERIAL DE MIEMBRO INFERIOR DERECHO'),
(871, 'ULTRASONIDO DOPPLER ARTERIAL DE MIEMBRO INFERIOR IZQUIERDO'),
(872, 'ULTRASONIDO DOPPLER ARTERIAL DE MIEMBRO SUPERIOR DERECHO'),
(873, 'ULTRASONIDO DOPPLER ARTERIAL DE MIEMBRO SUPERIOR IZQUIERDO'),
(874, 'ULTRASONIDO DOPPLER ARTERIAL Y VENOSO BILATERAL DE MIEMBROS INFERIORES'),
(875, 'ULTRASONIDO DOPPLER ARTERIAL Y VENOSO BILATERAL DE MIEMBROS SUPERIORES'),
(876, 'ULTRASONIDO DOPPLER ARTERIAL Y VENOSO DE MIEMBRO INFERIOR DERECHO'),
(877, 'ULTRASONIDO DOPPLER ARTERIAL Y VENOSO DE MIEMBRO INFERIOR IZQUIERDO'),
(878, 'ULTRASONIDO DOPPLER ARTERIAL Y VENOSO DE MIEMBRO SUPERIOR DERECHO'),
(879, 'ULTRASONIDO DOPPLER ARTERIAL Y VENOSO DE MIEMBRO SUPERIOR IZQUIERDO'),
(880, 'ULTRASONIDO DOPPLER BAZO'),
(881, 'ULTRASONIDO DOPPLER CAROTIDAS'),
(882, 'ULTRASONIDO DOPPLER DE AORTA E ILIACAS'),
(883, 'TOMOGRAFÍA ABDOMEN COMPLETO CONTRASTE'),
(884, 'TOMOGRAFÍA ABDOMEN COMPLETO SIMPLE'),
(885, 'TOMOGRAFÍA ABDOMEN INFERIOR CON CONTRASTE'),
(886, 'TOMOGRAFÍA ABDOMEN INFERIOR SIMPLE'),
(887, 'TOMOGRAFÍA ABDOMEN SUPERIOR CON CONTRASTE'),
(888, 'TOMOGRAFÍA ABDOMEN SUPERIOR SIMPLE'),
(889, 'TOMOGRAFÍA ANGIOTOMOGRAFIA CEREBRAL POLIGONO DE WILLIS'),
(890, 'TOMOGRAFÍA ANGIOTOMOGRAFIA DE AORTA ABDOMINAL'),
(891, 'TOMOGRAFÍA ANGIOTOMOGRAFIA DE AORTA TORACICA'),
(892, 'TOMOGRAFÍA ANGIOTOMOGRAFIA DE AORTA TORACO-ABDOMINAL'),
(893, 'TOMOGRAFÍA ANGIOTOMOGRAFIA DE CAROTIDAS'),
(894, 'TOMOGRAFÍA ANGIOTOMOGRAFIA DE EXTREMIDAD SUPERIOR DERECHA'),
(895, 'TOMOGRAFÍA ANGIOTOMOGRAFIA DE EXTREMIDAD SUPERIOR IZQUIERDA'),
(896, 'TOMOGRAFÍA ANGIOTOMOGRAFIA DE EXTREMIDADES INFERIORES'),
(897, 'TOMOGRAFÍA ANGIOTOMOGRAFIA POLIGONO DE WILLIS Y CAROTIDAS'),
(898, 'TOMOGRAFÍA ANGIOTOMOGRAFIA PULMONAR'),
(899, 'TOMOGRAFÍA ANGIOTOMOGRAFIA RENAL'),
(900, 'TOMOGRAFÍA ANTEBRAZO DERECHO CON CONTRASTE'),
(901, 'TOMOGRAFÍA ANTEBRAZO DERECHO SIMPLE'),
(902, 'TOMOGRAFÍA ANTEBRAZO IZQUIERDO CON CONTRASTE'),
(903, 'TOMOGRAFÍA ANTEBRAZO IZQUIERDO SIMPLE'),
(904, 'TOMOGRAFÍA ART TEMPOROMANDIBULAR BOCA ABIERTA-CERRADA CON CONTRASTE'),
(905, 'TOMOGRAFÍA ART TEMPOROMANDIBULAR BOCA ABIERTA-CERRADA SIMPLE'),
(906, 'TOMOGRAFÍA BRAZO DERECHO CON CONTRASTE'),
(907, 'TOMOGRAFÍA BRAZO DERECHO SIMPLE'),
(908, 'TOMOGRAFÍA BRAZO IZQUIERDO CON CONTRASTE'),
(909, 'TOMOGRAFÍA BRAZO IZQUIERDO SIMPLE'),
(910, 'TOMOGRAFÍA CADERA COMPARATIVA O ART COXOFEMORAL CON CONTRASTE'),
(911, 'TOMOGRAFÍA CADERA COMPARATIVA O ART COXOFEMORAL SIMPLE'),
(912, 'TOMOGRAFÍA CODO DERECHO CON CONTRASTE'),
(913, 'DETECCION DE CD52 EN LEUCOCITOS (3)'),
(914, 'MUTACIONES EN KRAS (6)'),
(915, 'MUTACIONES TET2 EXONES 3 - 11'),
(916, 'RESONANCIA MAGNÉTICA ABDOMEN COMPLETO'),
(917, 'RESONANCIA MAGNÉTICA ABDOMEN COMPLETO CON CONTRASTE GADOLINIO'),
(918, 'RESONANCIA MAGNÉTICA ABDOMEN INFERIOR O PELVIS'),
(919, 'RESONANCIA MAGNÉTICA ABDOMEN INFERIOR O PELVIS CON CONTRASTE GADOLINIO'),
(920, 'RESONANCIA MAGNÉTICA ABDOMEN SUPERIOR'),
(921, 'RESONANCIA MAGNÉTICA ABDOMEN SUPERIOR CON CONTRASTE GADOLINIO'),
(922, 'RESONANCIA MAGNÉTICA ANGIORESONANCIA DE ANTEBRAZO DERECHO CON CONTRASTE GADOLINIO'),
(923, 'RESONANCIA MAGNÉTICA ANGIORESONANCIA DE ANTEBRAZO IZQUIERDO CON CONTRASTE GADOLINIO'),
(924, 'RESONANCIA MAGNÉTICA ANGIORESONANCIA DE ARTERIAS PULMONARES CON CONTRASTE GADOLINIO'),
(925, 'RESONANCIA MAGNÉTICA ANGIORESONANCIA DE BRAZO DERECHO CON CONTRASTE GADOLINIO'),
(926, 'RESONANCIA MAGNÉTICA ANGIORESONANCIA DE BRAZO IZQUIERDO CON CONTRASTE GADOLINIO'),
(927, 'RESONANCIA MAGNÉTICA ANGIORESONANCIA DE PIERNA DERECHA CON CONTRASTE'),
(928, 'RESONANCIA MAGNÉTICA ANGIORESONANCIA DE PIERNA IZQUIERDA CON CONTRASTE'),
(929, 'RESONANCIA MAGNÉTICA ANGIORESONANCIA DE POLIGONO DE WILLIS'),
(930, 'RESONANCIA MAGNÉTICA ANGIORESONANCIA DE POLIGONO DE WILLIS CON CONTRASTE GADOLINIO'),
(931, 'RESONANCIA MAGNÉTICA ANGIORESONANCIA DE SISTEMA PORTAL CON CONTRASTE GADOLINIO'),
(932, 'RESONANCIA MAGNÉTICA ANGIORESONANCIA DE TRONCOS SUPRA AORTICOS Y CAROTIDAS'),
(933, 'RESONANCIA MAGNÉTICA ANGIORESONANCIA DE TRONCOS SUPRA AORTICOS Y CAROTIDAS CON CONTRASTE GADOLINIO'),
(934, 'RESONANCIA MAGNÉTICA ANGIORESONANCIA DE VASOS PERIFERICOS CON CONTRASTE GADOLINIO'),
(935, 'RESONANCIA MAGNÉTICA ANGIORESONANCIA MUSLO DERECHO CON CONTRASTE'),
(936, 'RESONANCIA MAGNÉTICA ANGIORESONANCIA MUSLO IZQUIERDO CON CONTRASTE'),
(937, 'RESONANCIA MAGNÉTICA ANGIORESONANCIA PIE DERECHO CON CONTRASTE'),
(938, 'RESONANCIA MAGNÉTICA ANGIORESONANCIA PIE IZQUIERDO CON CONTRASTE'),
(939, 'RESONANCIA MAGNÉTICA ANGIORESONANCIA RENAL'),
(940, 'RESONANCIA MAGNÉTICA ANGIORESONANCIA RENAL CON CONTRASTE GADOLINIO'),
(941, 'RESONANCIA MAGNÉTICA ANGIORRESONANCIA DE AORTA ABDOMINAL CON CONTRASTE GADOLINIO'),
(942, 'RESONANCIA MAGNÉTICA ANGIORRESONANCIA DE AORTA TORACICA CON CONTRASTE GADOLINIO'),
(943, 'RESONANCIA MAGNÉTICA ANGIORRESONANCIA DE AORTA TORACO-ABDOMINAL'),
(944, 'RESONANCIA MAGNÉTICA ANTEBRAZO DERECHO'),
(945, 'RESONANCIA MAGNÉTICA ANTEBRAZO DERECHO CON CONTRASTE GADOLINIO'),
(946, 'RESONANCIA MAGNÉTICA ANTEBRAZO IZQUIERDO'),
(947, 'RESONANCIA MAGNÉTICA ANTEBRAZO IZQUIERDO CON CONTRASTE GADOLINIO'),
(948, 'RESONANCIA MAGNÉTICA ART. COXOFEMORAL DERECHA O CADERA'),
(949, 'RESONANCIA MAGNÉTICA ART. COXOFEMORAL IZQUIERDA O CADERA'),
(950, 'RESONANCIA MAGNÉTICA ARTICULACIONES COXOFEMORALES O CADERAS COMPARATIVAS'),
(951, 'RESONANCIA MAGNÉTICA ARTICULACIONES SACROILIACAS'),
(952, 'RESONANCIA MAGNÉTICA ARTICULACIONES SACROILIACAS CON CONTRASTE GADOLINIO'),
(953, 'RESONANCIA MAGNÉTICA ATM ARTICULACION TEMPOROMANDIBULAR'),
(954, 'RESONANCIA MAGNÉTICA BRAZO DERECHO'),
(955, 'RESONANCIA MAGNÉTICA BRAZO DERECHO CON CONTRASTE GADOLINIO'),
(956, 'RESONANCIA MAGNÉTICA BRAZO IZQUIERDO'),
(957, 'RESONANCIA MAGNÉTICA BRAZO IZQUIERDO CON CONTRASTE GADOLINIO'),
(958, 'RESONANCIA MAGNÉTICA CADERA DERECHA CON CARTIGRAM'),
(959, 'RESONANCIA MAGNÉTICA CADERA IZQUIERDA CON CARTIGRAM'),
(960, 'RESONANCIA MAGNÉTICA CADERA O ARTICULACION COXOFEMORAL DERECHA CON CONTRASTE'),
(961, 'RESONANCIA MAGNÉTICA CADERA O ARTICULACION COXOFEMORAL IZQUIERDA CON CONTRASTE'),
(962, 'RESONANCIA MAGNÉTICA CADERAS COMPARATIVAS (1)'),
(963, 'RESONANCIA MAGNÉTICA CODO DERECHO'),
(964, 'RESONANCIA MAGNÉTICA CODO DERECHO CON CONTRASTE GADOLINIO'),
(965, 'RESONANCIA MAGNÉTICA CODO IZQUIERDO'),
(966, 'RESONANCIA MAGNÉTICA CODO IZQUIERDO CON CONTRASTE GADOLINIO'),
(967, 'RESONANCIA MAGNÉTICA COLANGIORESONANCIA'),
(968, 'RESONANCIA MAGNÉTICA COLANGIORESONANCIA CON CONTRASTE GADOLINIO'),
(969, 'RESONANCIA MAGNÉTICA COLUMNA CERVICAL'),
(970, 'RESONANCIA MAGNÉTICA COLUMNA CERVICAL CON CONTRASTE GADOLINIO'),
(971, 'RESONANCIA MAGNÉTICA COLUMNA LUMBAR O LUMBOSACRA'),
(972, 'RESONANCIA MAGNÉTICA COLUMNA LUMBAR O LUMBOSACRA CON CONTRASTE GADOLINIO'),
(973, 'RESONANCIA MAGNÉTICA COLUMNA SACROCOCCIGEA'),
(974, 'RESONANCIA MAGNÉTICA COLUMNA SACROCOCCIGEA CON CONTRASTE GADOLINIO'),
(975, 'RESONANCIA MAGNÉTICA COLUMNA TORACICA O DORSAL'),
(976, 'RESONANCIA MAGNÉTICA COLUMNA TORACICA O DORSAL CON CONTRASTE GADOLINIO'),
(977, 'RESONANCIA MAGNÉTICA CRANEO'),
(978, 'RESONANCIA MAGNÉTICA CRANEO (STROKE )'),
(979, 'RESONANCIA MAGNÉTICA CRANEO ANGIORRESONANCIA (P.W.) Y CAROTIDAS CON MEDIO DE CONTRASTE'),
(980, 'RESONANCIA MAGNÉTICA CRANEO CON CONTRASTE GADOLINIO'),
(981, 'RESONANCIA MAGNÉTICA CRÁNEO CON CONTRASTE GADOLINIO - CORRELACIÓN ONCOLÓGICA (TRACTOGRAFÍA-VOLUMETRIA-ESPECTROSCOPIA)'),
(982, 'RESONANCIA MAGNÉTICA CRÁNEO PAQUETE NEUROVASCULAR CON CONTRASTE GADOLINIO (ANGIO - DIFUSIÓN - PERFUSIÓN)'),
(983, 'RESONANCIA MAGNÉTICA CRANEO PROTOCOLO DE EPILEPSIA (VOLUMETRIA Y ESPECTROSCOPIA )'),
(984, 'RESONANCIA MAGNÉTICA CRÁNEO PROTOCOLO DE EPILEPSIA CON CONTRASTE GADOLINIO (VOLUMETRÍA - ESPECTROSCOPÍA)'),
(985, 'RESONANCIA MAGNÉTICA CUELLO'),
(986, 'RESONANCIA MAGNÉTICA CUELLO CON CONTRASTE GADOLINIO'),
(987, 'RESONANCIA MAGNÉTICA ENTERORESONANCIA'),
(988, 'RESONANCIA MAGNÉTICA ENTERORESONANCIA CON CONTRASTE'),
(989, 'RESONANCIA MAGNÉTICA GLUTEOS'),
(990, 'RESONANCIA MAGNÉTICA GLUTEOS CON CONTRASTE'),
(991, 'RESONANCIA MAGNÉTICA HOMBRO DERECHO'),
(992, 'RESONANCIA MAGNÉTICA HOMBRO DERECHO CON CONTRASTE GADOLINIO'),
(993, 'RESONANCIA MAGNÉTICA CODO DERECHO'),
(994, 'RESONANCIA MAGNÉTICA CODO DERECHO CON CONTRASTE GADOLINIO'),
(995, 'RESONANCIA MAGNÉTICA CODO IZQUIERDO'),
(996, 'RESONANCIA MAGNÉTICA CODO IZQUIERDO CON CONTRASTE GADOLINIO'),
(997, 'RESONANCIA MAGNÉTICA COLANGIORESONANCIA'),
(998, 'RESONANCIA MAGNÉTICA COLANGIORESONANCIA CON CONTRASTE GADOLINIO'),
(999, 'RESONANCIA MAGNÉTICA COLUMNA CERVICAL'),
(1000, 'RESONANCIA MAGNÉTICA COLUMNA CERVICAL CON CONTRASTE GADOLINIO'),
(1001, 'RESONANCIA MAGNÉTICA COLUMNA LUMBAR O LUMBOSACRA'),
(1002, 'RESONANCIA MAGNÉTICA COLUMNA LUMBAR O LUMBOSACRA CON CONTRASTE GADOLINIO'),
(1003, 'RESONANCIA MAGNÉTICA COLUMNA SACROCOCCIGEA'),
(1004, 'RESONANCIA MAGNÉTICA COLUMNA SACROCOCCIGEA CON CONTRASTE GADOLINIO'),
(1005, 'RESONANCIA MAGNÉTICA COLUMNA TORACICA O DORSAL'),
(1006, 'RESONANCIA MAGNÉTICA COLUMNA TORACICA O DORSAL CON CONTRASTE GADOLINIO'),
(1007, 'RESONANCIA MAGNÉTICA CRANEO'),
(1008, 'RESONANCIA MAGNÉTICA CRANEO (STROKE )'),
(1009, 'RESONANCIA MAGNÉTICA CRANEO ANGIORRESONANCIA (P.W.) Y CAROTIDAS CON MEDIO DE CONTRASTE'),
(1010, 'RESONANCIA MAGNÉTICA CRANEO CON CONTRASTE GADOLINIO'),
(1011, 'RESONANCIA MAGNÉTICA CRÁNEO CON CONTRASTE GADOLINIO - CORRELACIÓN ONCOLÓGICA (TRACTOGRAFÍA-VOLUMETRIA-ESPECTROSCOPIA)'),
(1012, 'RESONANCIA MAGNÉTICA CRÁNEO PAQUETE NEUROVASCULAR CON CONTRASTE GADOLINIO (ANGIO - DIFUSIÓN - PERFUSIÓN)'),
(1013, 'RESONANCIA MAGNÉTICA CRANEO PROTOCOLO DE EPILEPSIA (VOLUMETRIA Y ESPECTROSCOPIA )'),
(1014, 'RESONANCIA MAGNÉTICA CRÁNEO PROTOCOLO DE EPILEPSIA CON CONTRASTE GADOLINIO (VOLUMETRÍA - ESPECTROSCOPÍA)'),
(1015, 'RESONANCIA MAGNÉTICA CUELLO'),
(1016, 'RESONANCIA MAGNÉTICA CUELLO CON CONTRASTE GADOLINIO'),
(1017, 'RESONANCIA MAGNÉTICA ENTERORESONANCIA'),
(1018, 'RESONANCIA MAGNÉTICA ENTERORESONANCIA CON CONTRASTE'),
(1019, 'RESONANCIA MAGNÉTICA GLUTEOS'),
(1020, 'RESONANCIA MAGNÉTICA GLUTEOS CON CONTRASTE'),
(1021, 'RESONANCIA MAGNÉTICA HOMBRO DERECHO'),
(1022, 'RESONANCIA MAGNÉTICA HOMBRO DERECHO CON CONTRASTE GADOLINIO'),
(1023, 'RESONANCIA MAGNÉTICA HOMBRO IZQUIERDO'),
(1024, 'RESONANCIA MAGNÉTICA HOMBRO IZQUIERDO CON CONTRASTE GADOLINIO'),
(1025, 'RESONANCIA MAGNÉTICA MACIZO FACIAL'),
(1026, 'RESONANCIA MAGNÉTICA MACIZO FACIAL CON CONTRASTE GADOLINIO'),
(1027, 'RESONANCIA MAGNÉTICA MAMA CON CONTRASTE GADOLINIO'),
(1028, 'RESONANCIA MAGNÉTICA MAMA SIMPLE'),
(1029, 'RESONANCIA MAGNÉTICA MANO DERECHA'),
(1030, 'RESONANCIA MAGNÉTICA MANO DERECHA CON CONTRASTE GADOLINIO'),
(1031, 'RESONANCIA MAGNÉTICA MANO IZQUIERDA'),
(1032, 'RESONANCIA MAGNÉTICA MANO IZQUIERDA CON CONTRASTE GADOLINIO'),
(1033, 'RESONANCIA MAGNÉTICA MUÑECA DERECHA'),
(1034, 'RESONANCIA MAGNÉTICA MUÑECA DERECHA CON CONTRASTE GADOLINIO'),
(1035, 'RESONANCIA MAGNÉTICA MUÑECA IZQUIERDA'),
(1036, 'RESONANCIA MAGNÉTICA MUÑECA IZQUIERDA CON CONTRASTE GADOLINIO'),
(1037, 'RESONANCIA MAGNÉTICA MUSLO DERECHO'),
(1038, 'RESONANCIA MAGNÉTICA MUSLO DERECHO CON CONTRASTE GADOLINIO'),
(1039, 'RESONANCIA MAGNÉTICA MUSLO IZQUIERDO'),
(1040, 'RESONANCIA MAGNÉTICA MUSLO IZQUIERDO CON CONTRASTE GADOLINIO'),
(1041, 'RESONANCIA MAGNÉTICA MUSLOS COMPARATIVOS'),
(1042, 'RESONANCIA MAGNÉTICA MUSLOS COMPARATIVOS CON CONTRASTE GADOLINIO'),
(1043, 'RESONANCIA MAGNÉTICA NEUROEJE CON CONTRASTE GADOLINIO CRÁNEO - CERVICAL - DORSAL - LUMBAR'),
(1044, 'RESONANCIA MAGNÉTICA NEUROEJE CRÁNEO - CERVICAL - DORSAL - LUMBAR'),
(1045, 'RESONANCIA MAGNÉTICA OIDOS'),
(1046, 'RESONANCIA MAGNÉTICA OIDOS CON CONTRASTE GADOLINIO'),
(1047, 'RESONANCIA MAGNÉTICA OIDOS Y FOSA POSTERIOR O ANGULO PONTOCEREBELOSO'),
(1048, 'RESONANCIA MAGNÉTICA OIDOS Y FOSA POSTERIOR O ANGULO PONTOCEREBELOSO CON MEDIO DE CONTRASTE GADOLINIO'),
(1049, 'RESONANCIA MAGNÉTICA ORBITAS'),
(1050, 'RESONANCIA MAGNÉTICA ORBITAS CON CONTRASTE GADOLINIO'),
(1051, 'RESONANCIA MAGNÉTICA PIE O TARSO DECECHO CON MEDIO DE CONTRASTE GADOLINIO'),
(1052, 'RESONANCIA MAGNÉTICA PIE O TARSO DERECHO'),
(1053, 'RESONANCIA MAGNÉTICA PIE O TARSO IZQUIERDO'),
(1054, 'RESONANCIA MAGNÉTICA PIE O TARSO IZQUIERDO CON MEDIO DE CONTRASTE GADOLINIO'),
(1055, 'RESONANCIA MAGNÉTICA PIERNA DERECHA'),
(1056, 'RESONANCIA MAGNÉTICA PIERNA DERECHA CON MEDIO DE CONTRASTE GADOLINIO'),
(1057, 'RESONANCIA MAGNÉTICA PIERNA IZQUIERDA'),
(1058, 'RESONANCIA MAGNÉTICA PIERNA IZQUIERDA CON MEDIO DE CONTRASTE GADOLINIO'),
(1059, 'RESONANCIA MAGNÉTICA PLEXO BRAQUIAL DERECHO'),
(1060, 'RESONANCIA MAGNÉTICA PLEXO BRAQUIAL IZQUIERDO'),
(1061, 'RESONANCIA MAGNÉTICA RESONANCIA 1 REGION'),
(1062, 'RESONANCIA MAGNÉTICA RESONANCIA 1 REGION CON CONTRASTE GADOLINIO'),
(1063, 'RESONANCIA MAGNÉTICA RESONANCIA 2 REGIONES'),
(1064, 'RESONANCIA MAGNÉTICA RESONANCIA 2 REGIONES CON CONTRASTE GADOLINIO'),
(1065, 'RESONANCIA MAGNÉTICA RODILLA DERECHA'),
(1066, 'RESONANCIA MAGNÉTICA RODILLA DERECHA CON CARTIGRAM'),
(1067, 'RESONANCIA MAGNÉTICA RODILLA DERECHA CON MEDIO DE CONTRASTE GADOLINIO'),
(1068, 'RESONANCIA MAGNÉTICA RODILLA IZQUIERDA'),
(1069, 'RESONANCIA MAGNÉTICA RODILLA IZQUIERDA CON CARTIGRAM'),
(1070, 'RESONANCIA MAGNÉTICA RODILLA IZQUIERDA CON MEDIO DE CONTRASTE GADOLINIO'),
(1071, 'RESONANCIA MAGNÉTICA SENOS PARANASALES'),
(1072, 'RESONANCIA MAGNÉTICA SENOS PARANASALES CON MEDIO DE CONTRASTE GADOLINIO'),
(1073, 'RESONANCIA MAGNÉTICA SILLA TURCA (HIPOFISIS)'),
(1074, 'RESONANCIA MAGNÉTICA SILLA TURCA (HIPOFISIS) CON CONTRASTE GADOLINIO'),
(1075, 'RESONANCIA MAGNÉTICA TOBILLO DERECHO'),
(1076, 'RESONANCIA MAGNÉTICA TOBILLO DERECHO CON CARTIGRAM'),
(1077, 'RESONANCIA MAGNÉTICA TOBILLO DERECHO CON MEDIO DE CONTRASTE GADOLINIO'),
(1078, 'RESONANCIA MAGNÉTICA TOBILLO IZQUIERDO'),
(1079, 'RESONANCIA MAGNÉTICA TOBILLO IZQUIERDO CON CARTIGRAM'),
(1080, 'RESONANCIA MAGNÉTICA TOBILLO IZQUIERDO CON MEDIO DE CONTRASTE GADOLINIO'),
(1081, 'RESONANCIA MAGNÉTICA UNION CRANEO CERVICAL'),
(1082, 'RESONANCIA MAGNÉTICA UNION CRANEO CERVICAL CON CONTRASTE GADOLINIO'),
(1083, 'ROJO CONGO (5)'),
(1084, 'SUPRESION DE HORESONANCIA MAGNÉTICAONA DE CRECIMIENTO'),
(1085, 'AGUJEROS OPTICOS -1'),
(1086, 'COLUMNA LUMBAR 4 PROYECCIONES DINAMICA'),
(1087, 'FISTULOGRAFIA -1'),
(1088, 'MASTOIDES Y/O PEÑASCOS (2RAD) (1)'),
(1089, 'PANORAMICA DE COLUMNA AP'),
(1090, 'RAYOS X ABDOMEN AP DE PIE-1'),
(1091, 'RAYOS X ABDOMEN DE PIE Y DECUBITO-2'),
(1092, 'RAYOS X ABDOMEN DOS PROYECCIONES AP Y LAT'),
(1093, 'RAYOS X ABDOMEN UNA POSICION-1'),
(1094, 'RAYOS X ANTEBRAZO AP COMPARATIVOS - 1'),
(1095, 'RAYOS X ANTEBRAZO AP Y LATERAL - 2'),
(1096, 'RAYOS X ANTEBRAZO AP Y OBLICUA - 2'),
(1097, 'RAYOS X ANTEBRAZO AP-1'),
(1098, 'RAYOS X ANTEBRAZO AP, LAT Y OBLICUA - 3'),
(1099, 'RAYOS X ANTEBRAZO LATERAL-1'),
(1100, 'RAYOS X ANTEBRAZO OBLICUA - 1'),
(1101, 'RAYOS X AP AXIAL DE RODILLA ESCOTADURA INTERCONDILLA (CAMP CONVENTRY)'),
(1102, 'RAYOS X AP ESCAPULA - 1'),
(1103, 'RAYOS X APICOGRAMA -1'),
(1104, 'RAYOS X ARTICULACION TEMPOROMANDIBULAR CON BOCA ABIERTA Y CERRADA COMPARATIVAS - 4'),
(1105, 'RAYOS X ARTICULACION TEMPOROMANDIBULAR DERECHA CON BOCA ABIERTA Y CERRADA - 2'),
(1106, 'RAYOS X ANTEBRAZO AP Y LATERAL - 2'),
(1107, 'RAYOS X ANTEBRAZO AP Y OBLICUA - 2'),
(1108, 'RAYOS X ANTEBRAZO AP-1'),
(1109, 'RAYOS X ANTEBRAZO AP, LAT Y OBLICUA - 3'),
(1110, 'RAYOS X ANTEBRAZO LATERAL-1'),
(1111, 'RAYOS X ANTEBRAZO OBLICUA - 1'),
(1112, 'RAYOS X AP AXIAL DE RODILLA ESCOTADURA INTERCONDILLA (CAMP CONVENTRY)'),
(1113, 'RAYOS X AP ESCAPULA - 1'),
(1114, 'RAYOS X APICOGRAMA -1'),
(1115, 'RAYOS X ARTICULACION TEMPOROMANDIBULAR CON BOCA ABIERTA Y CERRADA COMPARATIVAS - 4'),
(1116, 'RAYOS X ARTICULACION TEMPOROMANDIBULAR DERECHA CON BOCA ABIERTA Y CERRADA - 2'),
(1117, 'RAYOS X AXIAL DE ESCAPULA - 1'),
(1118, 'RAYOS X CADERA AP Y LAT - 2'),
(1119, 'RAYOS X CADERA AP Y OBLICUA-2'),
(1120, 'RAYOS X CADERA AP-1'),
(1121, 'RAYOS X CADERA AP/LAT Y OBLICUA - 3'),
(1122, 'RAYOS X CADERA LATERAL - 1'),
(1123, 'RAYOS X CADERA OBLICUA-1'),
(1124, 'RAYOS X CALCANEO AP Y LATERAL-2'),
(1125, 'RAYOS X CALCANEO AP-1'),
(1126, 'RAYOS X CALCANEO AXIAL Y LATERAL-2'),
(1127, 'RAYOS X CALCANEO LATERAL-1'),
(1128, 'RAYOS X CEFALOPELVIMETRIA-2'),
(1129, 'RAYOS X CINCO PROYECCIONES'),
(1130, 'RAYOS X CLAVICULA AP-1'),
(1131, 'RAYOS X CLAVICULA DOS PROYECCIONES AP Y OBL'),
(1132, 'RAYOS X CODO AP / LAT Y OBLICUA - 3'),
(1133, 'RAYOS X CODO AP Y LATERAL - 2'),
(1134, 'RAYOS X CODO AP Y OBLICUA - 2'),
(1135, 'RAYOS X CODO AP-1'),
(1136, 'RAYOS X CODO LATERAL-1'),
(1137, 'RAYOS X CODO OBLICUA - 1'),
(1138, 'RAYOS X CODO OBLICUAS COMPARATIVAS - 2'),
(1139, 'RAYOS X CODOS COMPARATIVOS AP Y LAT.-2'),
(1140, 'RAYOS X CODOS COMPARATIVOS AP-1'),
(1141, 'RAYOS X COL CERVICAL AP LAT Y DIMANICA-4'),
(1142, 'RAYOS X COL CERVICAL AP-1'),
(1143, 'RAYOS X COL CERVICAL AP, LAT Y OBLICUAS - 4'),
(1144, 'RAYOS X COL CERVICAL AP. LAT. OBL Y DINAMICAS-6'),
(1145, 'RAYOS X COL CERVICAL DINAMICAS-2'),
(1146, 'RAYOS X COL CERVICAL LATERAL - 1'),
(1147, 'RAYOS X COL CERVICAL LATERAL Y AP-2'),
(1148, 'RAYOS X COL CERVICAL OBLICUA Y DINAMICAS-4'),
(1149, 'RAYOS X COL CERVICAL OBLICUAS-2'),
(1150, 'RAYOS X COL DORSAL 1 PROYECCION-1'),
(1151, 'RAYOS X COL DORSAL AP LATERAL Y OBLICUAS-4'),
(1152, 'RAYOS X COL DORSAL AP Y LATERAL-2'),
(1153, 'RAYOS X COL DORSAL AP-1'),
(1154, 'RAYOS X COL DORSAL LATERAL-1'),
(1155, 'RAYOS X COL DORSAL OBLICUAS - 2'),
(1156, 'RAYOS X COL LUMBAR UNA PROYECCION-1'),
(1157, 'RAYOS X COL LUMBO-SACRA AP Y LATERAL-2'),
(1158, 'RAYOS X COL LUMBO-SACRA AP-1'),
(1159, 'RAYOS X COL LUMBO-SACRA AP, LAT Y DINAMICAS - 4'),
(1160, 'RAYOS X COL LUMBO-SACRA AP, LAT Y OBLICUAS-4'),
(1161, 'RAYOS X COL LUMBO-SACRA AP, LAT, OBL Y DINAMICAS - 6'),
(1162, 'RAYOS X COL LUMBO-SACRA DINAMICAS F.E.-2'),
(1163, 'RAYOS X COL LUMBO-SACRA LATERAL-1'),
(1164, 'RAYOS X COL LUMBO-SACRA OBLICUAS-2'),
(1165, 'RAYOS X COL SACROCOXIGEA AP Y LATERAL-2'),
(1166, 'RAYOS X COL SACROCOXIGEA AP(1 COXIS)-1'),
(1167, 'RAYOS X COL SACROCOXIGEA LATERAL-1'),
(1168, 'RAYOS X CRANEO AP - 1'),
(1169, 'RAYOS X CRANEO AP Y LATERAL-2'),
(1170, 'RAYOS X CRANEO AP, LATERAL, TOWNE-3'),
(1171, 'RAYOS X CRANEO CON FOCO EN SILLA TURCA-1'),
(1172, 'RAYOS X CRANEO LATERAL-1'),
(1173, 'RAYOS X CRANEO PROYECCION DE TOWNE-1'),
(1174, 'RAYOS X CRANEO SUBMENTO VERTEX - 1'),
(1175, 'RAYOS X CRANEO UNA PROYECCIÓN'),
(1176, 'RAYOS X CUATRO PROYECCIONES'),
(1177, 'RAYOS X CUBITO Y RADIO BILATERAL'),
(1178, 'RAYOS X CUELLO PARTES BLANDAS -1'),
(1179, 'RAYOS X DEDO LATERAL-1'),
(1180, 'RAYOS X DEDO OBLICUA - 1'),
(1181, 'RAYOS X DEDO PA - 1'),
(1182, 'RAYOS X DEDO PA Y LATERAL - 2'),
(1183, 'RAYOS X DEDO PA, LAT Y OBLICUA - 3'),
(1184, 'RAYOS X DEDO PA, OBLICUA - 2'),
(1185, 'RAYOS X DOS PROYECCIONES'),
(1186, 'RAYOS X EDAD OSEA (MANO, CODO, CADERA Y RODILLA)-4'),
(1187, 'RAYOS X EDAD OSEA (MANO, CODO, CADERA, RODILLA Y PIE)-5'),
(1188, 'RAYOS X EDAD OSEA (MANO, CODO, CADERA)-3'),
(1189, 'RAYOS X EDAD OSEA (RODILLA Y PIE) - 2'),
(1190, 'RAYOS X EDAD OSEA CADERA'),
(1191, 'RAYOS X EDAD OSEA CODO'),
(1192, 'RAYOS X EDAD OSEA MANO-1'),
(1193, 'RAYOS X ESCAFOIDES - 1'),
(1194, 'RAYOS X ESCAFOIDES DESVIACIÓN CUBITAL Y RADIAL - 3'),
(1195, 'RAYOS X ESCAPULA - 1'),
(1196, 'RAYOS X ESCAPULA EN LATERAL - 1'),
(1197, 'RAYOS X ESCAPULA EN Y -1'),
(1198, 'RAYOS X ESTERNON AP Y LATERAL-2'),
(1199, 'RAYOS X ESTERNON AP-1'),
(1200, 'RAYOS X ESTERNON LATERAL-1'),
(1201, 'RAYOS X FEMUR AP Y LATERAL-2'),
(1202, 'RAYOS X FEMUR AP-1'),
(1203, 'RAYOS X FEMUR BILATERAL DOS PROYECCIONES AP Y LA'),
(1204, 'RAYOS X FEMUR COMPARATIVAS - 2'),
(1205, 'RAYOS X FEMUR COMPARATIVAS AP Y LAT - 4'),
(1206, 'RAYOS X FEMUR LATERAL-1'),
(1207, 'RAYOS X HOMBRO AP VERDADERA-1'),
(1208, 'RAYOS X HOMBRO AP Y ROTACION - 2 DERECHA'),
(1209, 'RAYOS X HOMBRO AP Y ROTACION - 2 EXTERNA'),
(1210, 'RAYOS X HOMBRO AP Y ROTACION - 4 COMPARATIVAS'),
(1211, 'RAYOS X HOMBRO AP Y TRANSTORACICA'),
(1212, 'RAYOS X HOMBRO AP-1'),
(1213, 'RAYOS X HOMBRO LAT TRANSTORACICA -1'),
(1214, 'RAYOS X HOMBRO WEST POINT - 1'),
(1215, 'RAYOS X HOMBROS COMPARATIVOS AP-2'),
(1216, 'RAYOS X HUMERO AP COMPARATIVA-2'),
(1217, 'RAYOS X HUMERO AP Y LATERAL-2'),
(1218, 'RAYOS X HUMERO AP Y OBLICUA - 2'),
(1219, 'RAYOS X HUMERO AP-1'),
(1220, 'RAYOS X HUMERO AP, LAT COMPARATIVA-2'),
(1221, 'RAYOS X HUMERO AP, LAT Y OBLICUA - 3'),
(1222, 'RAYOS X HUMERO LATERAL-1'),
(1223, 'RAYOS X HUMERO OBLICUA - 1'),
(1224, 'RAYOS X MANDIBULA AP - 1'),
(1225, 'RAYOS X MANDIBULA LAT - 1'),
(1226, 'RAYOS X MANO LATERAL-1'),
(1227, 'RAYOS X MANO OBLICUA-1'),
(1228, 'RAYOS X MANO PA Y LATERAL - 2'),
(1229, 'RAYOS X MANO PA-1'),
(1230, 'RAYOS X MANO PA, LATERAL Y OBLICUA - 3'),
(1231, 'RAYOS X MANOS COMPARATIVAS PA - 1'),
(1232, 'RAYOS X MANOS PA Y LATERAL COMPARATIVAS - 2'),
(1233, 'RAYOS X MANOS PA Y OBLICUAS - 2'),
(1234, 'RAYOS X MANOS PA, LAT Y OBLICUAS - 3'),
(1235, 'RAYOS X MEDICION DE MIEMBROS INFERIORES - 3'),
(1236, 'RAYOS X MUÑECA LATERAL-1'),
(1237, 'RAYOS X MUÑECA OBLICUA - 1'),
(1238, 'RAYOS X MUÑECA PA Y LATERAL - 2'),
(1239, 'RAYOS X MUÑECA PA Y OBLICUA - 2');
INSERT INTO `analisis_medicos` (`id`, `nombre`) VALUES
(1240, 'RAYOS X MUÑECA PA-1'),
(1241, 'RAYOS X MUÑECAS COMPARATIVAS DESVIACIÓN RADIAL Y CUBITAL - 2'),
(1242, 'RAYOS X MUÑECAS COMPARATIVAS-1'),
(1243, 'RAYOS X MUÑECAS DESVIACION CUBITAL -1'),
(1244, 'RAYOS X MUÑECAS DESVIACION RADIAL -1'),
(1245, 'RAYOS X MUÑECAS LATERAL -1'),
(1246, 'RAYOS X MUÑECAS PA Y LATERAL - 2'),
(1247, 'RAYOS X MUÑECAS PA, LAT, OBLICUA - 3'),
(1248, 'RAYOS X PANORAMICA DE MIEMBROS INFERIORES AP'),
(1249, 'RAYOS X PELVIS AP Y ABDUCCION(RANA)-2'),
(1250, 'RAYOS X PELVIS AP Y LATERAL-2'),
(1251, 'RAYOS X PELVIS AP Y OBLICUA - 2'),
(1252, 'RAYOS X PELVIS AP Y OBLICUAS(IZQ. Y DER.)-3'),
(1253, 'RAYOS X PELVIS AP-1'),
(1254, 'RAYOS X PELVIS AP, LATERAL Y OBLICUAS-4'),
(1255, 'RAYOS X PELVIS EN RANA-1'),
(1256, 'RAYOS X PELVIS ENTRADA -1'),
(1257, 'RAYOS X PELVIS ENTRADA Y SALIDA -2'),
(1258, 'RAYOS X PELVIS LATERAL - 1'),
(1259, 'RAYOS X PELVIS OBLICUA - 1'),
(1260, 'RAYOS X PELVIS SALIDA -1'),
(1261, 'RAYOS X PERFILOGRAMA Y WATTERS -2'),
(1262, 'RAYOS X PERFILOGRAMA-1'),
(1263, 'RAYOS X PIE AP LATERAL Y OBLICUA -3'),
(1264, 'RAYOS X PIE AP Y LAT - 2'),
(1265, 'RAYOS X PIE AP Y OBLICUA - 2'),
(1266, 'RAYOS X PIE AP-1'),
(1267, 'RAYOS X PIE LATERAL-1'),
(1268, 'RAYOS X PIE OBLICUA - 1'),
(1269, 'RAYOS X PIE SESAMOIDEOS - 1'),
(1270, 'RAYOS X PIERNA AP Y LATERAL -2'),
(1271, 'RAYOS X PIERNA AP/OBLICUA-2'),
(1272, 'RAYOS X PIERNAS AP COMPARATIVAS - 1'),
(1273, 'RAYOS X PIERNAS COMPARATIVAS AP Y LATERAL - 3'),
(1274, 'RAYOS X PIERNAS COMPARATIVAS AP/OBLICUAS - 3'),
(1275, 'RAYOS X PIES AP LATERAL, OBLICUAS COMPARATIVAS - 5'),
(1276, 'RAYOS X PIES COMPARATIVOS AP DORSO PLANTAR-1'),
(1277, 'RAYOS X PIES COMPARATIVOS AP Y LATERAL - 3'),
(1278, 'RAYOS X PIES COMPARATIVOS AP Y OBLICUAS -3'),
(1279, 'RAYOS X PIES CON APOYO AP Y LATERAL-3'),
(1280, 'RAYOS X PIES LATERAL COMPARATIVOS - 2'),
(1281, 'RAYOS X RODILLA AP Y LATERAL-2'),
(1282, 'RAYOS X RODILLA AP-1'),
(1283, 'RAYOS X RODILLA LATERAL-1'),
(1284, 'RAYOS X RODILLA OBLICUA - 1'),
(1285, 'RAYOS X RODILLAS AP, LAT COMP. Y TANGENCIALES-6'),
(1286, 'RAYOS X RODILLAS COMP AP Y TANGENCIALES (30, 60 Y 90¿) - 4'),
(1287, 'RAYOS X RODILLAS COMPARATIVAS AP Y LAT-3'),
(1288, 'RAYOS X RODILLAS COMPARATIVAS AP-1'),
(1289, 'RAYOS X RODILLAS COMPARATIVAS LAT - 2'),
(1290, 'RAYOS X RODILLAS COMPARATIVAS MERCHAN (45°) -1'),
(1291, 'RAYOS X RODILLAS LAT Y TANGENCIALES-5'),
(1292, 'RAYOS X RODILLAS TANGENCIAL -1'),
(1293, 'RAYOS X SENOS PARANASALES - 1'),
(1294, 'RAYOS X SENOS PARANASALES -2'),
(1295, 'RAYOS X SENOS PARANASALES -3'),
(1296, 'RAYOS X SENOS PARANASALES WATERS / PERFILOGRAMA - 2'),
(1297, 'RAYOS X SERIE CARDIACA - 4'),
(1298, 'RAYOS X SERIE METASTASICA - 13'),
(1299, 'RAYOS X TELERADIOGRAFIA DE TORAX Y AMBAS OBLICUAS-3'),
(1300, 'RAYOS X TIBIA AP Y LATERAL - 2'),
(1301, 'RAYOS X TIBIA AP Y LATERAL COMPARATIVAS - 3'),
(1302, 'RAYOS X TIBIA AP-1'),
(1303, 'RAYOS X TIBIA LATERAL-1'),
(1304, 'RAYOS X TOBILLO AP / OBLICUA - 2'),
(1305, 'RAYOS X TOBILLO AP VALGO CON ESTRES - 1'),
(1306, 'RAYOS X TOBILLO AP VARO CON ESTRES - 1'),
(1307, 'RAYOS X TOBILLO AP Y LATERAL - 2'),
(1308, 'RAYOS X TOBILLO AP-1'),
(1309, 'RAYOS X TOBILLO AP, LATERAL Y OBLICUA - 3'),
(1310, 'RAYOS X TOBILLO LATERAL-1'),
(1311, 'RAYOS X TOBILLO OBLICUA-1'),
(1312, 'RAYOS X TOBILLOS COMPARATIVOS AP Y LATERAL-2'),
(1313, 'RAYOS X TOBILLOS COMPARATIVOS AP-1'),
(1314, 'RAYOS X TORAX LATERAL-1'),
(1315, 'RAYOS X TORAX LATERALES-2'),
(1316, 'RAYOS X TORAX OSEO AP Y OBLICUA-2'),
(1317, 'RAYOS X TORAX OSEO AP Y OBLICUAS - 3'),
(1318, 'RAYOS X TORAX OSEO AP-1'),
(1319, 'RAYOS X TORAX OSEO OBLICUA-1'),
(1320, 'RAYOS X TORAX TELERADIOGRAFIA PA - 1'),
(1321, 'RAYOS X TRANS ORAL O BOCA ABIERTA - 1'),
(1322, 'RAYOS X TRES PROYECCIONES'),
(1323, 'RAYOS X TUNEL CARPIANO, PUENTE CARPIANO - 1'),
(1324, 'RAYOS X UNA PROYECCION'),
(1325, 'RC COLANGIOGRAFIA POR SONDA'),
(1326, 'RC COLON POR ENEMA SIMPLE'),
(1327, 'RC ESOFAGOGRAMA.'),
(1328, 'RC HISTEROSALPINGOGRAFIA'),
(1329, 'RC SERIE ESOFAGO GASTRO-DUODENAL.'),
(1330, 'RC SERIE ESOFAGO GASTRO-DUODENAL.NIÑO'),
(1331, 'RC TRANSITO INTESTINAL.'),
(1332, 'RC URETROCISTOGRAFIA RETROGRADA.'),
(1333, 'RC UROGRAFIA EXCRETORA.'),
(1334, 'REIMPRESION DE PLACAS TOMOGRAFIA'),
(1335, 'REVISION OFTALMOLOGICA (1)');

-- --------------------------------------------------------

--
-- Estructura de tabla para la tabla `categoria`
--

DROP TABLE IF EXISTS `categoria`;
CREATE TABLE IF NOT EXISTS `categoria` (
  `idcategoria` int(11) NOT NULL AUTO_INCREMENT,
  `nombre` varchar(255) NOT NULL,
  `activo` int(1) NOT NULL DEFAULT '1',
  PRIMARY KEY (`idcategoria`)
) ENGINE=MyISAM AUTO_INCREMENT=7 DEFAULT CHARSET=utf8;

--
-- Volcado de datos para la tabla `categoria`
--

INSERT INTO `categoria` (`idcategoria`, `nombre`, `activo`) VALUES
(1, 'Farmacéutico', 1),
(2, 'Nutraceútico', 1),
(3, 'Dermatológico', 1),
(4, 'Cosmético', 1),
(5, 'Consumible', 1);

-- --------------------------------------------------------

--
-- Estructura de tabla para la tabla `certificado_medico`
--

DROP TABLE IF EXISTS `certificado_medico`;
CREATE TABLE IF NOT EXISTS `certificado_medico` (
  `idcertificado_medico` bigint(20) NOT NULL AUTO_INCREMENT,
  `idconsulta` bigint(20) NOT NULL,
  `detalles` text NOT NULL,
  `activo` int(1) NOT NULL DEFAULT '1',
  PRIMARY KEY (`idcertificado_medico`)
) ENGINE=MyISAM DEFAULT CHARSET=utf8;

-- --------------------------------------------------------

--
-- Estructura de tabla para la tabla `citas`
--

DROP TABLE IF EXISTS `citas`;
CREATE TABLE IF NOT EXISTS `citas` (
  `idcita` bigint(20) NOT NULL AUTO_INCREMENT,
  `personalId` int(11) NOT NULL,
  `idpaciente` int(11) NOT NULL,
  `idconsultorio` int(11) NOT NULL,
  `fecha_consulta` date NOT NULL,
  `hora_de` time NOT NULL,
  `hora_hasta` time NOT NULL,
  `color` varchar(50) NOT NULL,
  `quiencoresponda` text NOT NULL,
  `motivo_consulta` text NOT NULL,
  `listaespera` int(11) NOT NULL,
  `fechafin` date NOT NULL,
  `tipo_cita` int(1) NOT NULL,
  `prioridad` int(11) NOT NULL,
  `cita_confirmada` int(1) NOT NULL,
  `paciente_llego` int(1) NOT NULL,
  `paciente_no_llego` int(1) NOT NULL,
  `pago` int(1) NOT NULL,
  `status` int(1) NOT NULL DEFAULT '1',
  `activo` int(1) NOT NULL DEFAULT '1',
  `reg` datetime NOT NULL,
  PRIMARY KEY (`idcita`)
) ENGINE=MyISAM AUTO_INCREMENT=2 DEFAULT CHARSET=utf8;

--
-- Volcado de datos para la tabla `citas`
--

INSERT INTO `citas` (`idcita`, `personalId`, `idpaciente`, `idconsultorio`, `fecha_consulta`, `hora_de`, `hora_hasta`, `color`, `quiencoresponda`, `motivo_consulta`, `listaespera`, `fechafin`, `tipo_cita`, `prioridad`, `cita_confirmada`, `paciente_llego`, `paciente_no_llego`, `pago`, `status`, `activo`, `reg`) VALUES
(1, 1, 2, 1, '2021-01-20', '10:58:00', '12:00:00', '#93c47d', 'dddd', 'dd', 0, '0000-00-00', 1, 1, 0, 0, 0, 0, 1, 1, '2021-01-20 10:58:31');

-- --------------------------------------------------------

--
-- Estructura de tabla para la tabla `config_duracion_medica`
--

DROP TABLE IF EXISTS `config_duracion_medica`;
CREATE TABLE IF NOT EXISTS `config_duracion_medica` (
  `id` int(11) NOT NULL AUTO_INCREMENT,
  `status` tinyint(1) NOT NULL DEFAULT '0',
  `titulo` text NOT NULL,
  `descripcion` text,
  `tiempo` varchar(5) NOT NULL,
  `activo` tinyint(1) NOT NULL DEFAULT '1',
  PRIMARY KEY (`id`)
) ENGINE=InnoDB AUTO_INCREMENT=7 DEFAULT CHARSET=utf8;

--
-- Volcado de datos para la tabla `config_duracion_medica`
--

INSERT INTO `config_duracion_medica` (`id`, `status`, `titulo`, `descripcion`, `tiempo`, `activo`) VALUES
(1, 0, 'Paciente de primera vez', NULL, '02:00', 1),
(2, 0, 'Paciente subsecuente', NULL, '01:30', 1),
(3, 0, 'Cirugía', NULL, '00:00', 1),
(4, 1, 'Tiempo pre-operatorio', 'Es el tiempo que se le pedirá al paciente para estar presente antes de su cirugía, se le informa por correo', '00:00', 1),
(5, 0, 'Tiempo personal', NULL, '00:00', 1),
(6, 0, 'Cirugía', NULL, '00:00', 1);

-- --------------------------------------------------------

--
-- Estructura de tabla para la tabla `config_general`
--

DROP TABLE IF EXISTS `config_general`;
CREATE TABLE IF NOT EXISTS `config_general` (
  `id` int(11) NOT NULL AUTO_INCREMENT,
  `status` tinyint(1) NOT NULL DEFAULT '0',
  `descripcion` text NOT NULL,
  `activo` int(11) NOT NULL,
  `url` varchar(100) DEFAULT NULL,
  PRIMARY KEY (`id`)
) ENGINE=InnoDB AUTO_INCREMENT=3 DEFAULT CHARSET=utf8;

--
-- Volcado de datos para la tabla `config_general`
--

INSERT INTO `config_general` (`id`, `status`, `descripcion`, `activo`, `url`) VALUES
(1, 0, 'sms', 1, NULL),
(2, 0, 'pagina incio', 1, 'Agenda');

-- --------------------------------------------------------

--
-- Estructura de tabla para la tabla `config_horario_laboral`
--

DROP TABLE IF EXISTS `config_horario_laboral`;
CREATE TABLE IF NOT EXISTS `config_horario_laboral` (
  `id` int(11) NOT NULL AUTO_INCREMENT COMMENT 'dia de la semana',
  `activo` tinyint(4) NOT NULL DEFAULT '0',
  `horainicio` time NOT NULL,
  `horafin` time NOT NULL,
  `status` tinyint(1) NOT NULL DEFAULT '1',
  PRIMARY KEY (`id`)
) ENGINE=MyISAM AUTO_INCREMENT=9 DEFAULT CHARSET=utf8;

--
-- Volcado de datos para la tabla `config_horario_laboral`
--

INSERT INTO `config_horario_laboral` (`id`, `activo`, `horainicio`, `horafin`, `status`) VALUES
(1, 1, '09:00:00', '20:00:00', 1),
(2, 1, '09:30:00', '20:00:00', 1),
(3, 1, '11:00:00', '18:30:00', 1),
(4, 1, '08:30:00', '17:30:00', 1),
(5, 1, '08:00:00', '20:00:00', 1),
(6, 1, '08:00:00', '20:00:00', 1),
(7, 1, '09:00:00', '19:00:00', 1);

-- --------------------------------------------------------

--
-- Estructura de tabla para la tabla `config_horario_nodisponible`
--

DROP TABLE IF EXISTS `config_horario_nodisponible`;
CREATE TABLE IF NOT EXISTS `config_horario_nodisponible` (
  `id` bigint(20) NOT NULL AUTO_INCREMENT,
  `l` tinyint(4) NOT NULL DEFAULT '0',
  `m` tinyint(4) NOT NULL DEFAULT '0',
  `mi` tinyint(4) NOT NULL DEFAULT '0',
  `j` tinyint(4) NOT NULL DEFAULT '0',
  `v` tinyint(4) NOT NULL DEFAULT '0',
  `s` tinyint(4) NOT NULL DEFAULT '0',
  `d` tinyint(4) NOT NULL DEFAULT '0',
  `h_inicio` varchar(5) NOT NULL,
  `h_fin` varchar(5) NOT NULL,
  `activo` tinyint(4) NOT NULL DEFAULT '1',
  PRIMARY KEY (`id`)
) ENGINE=InnoDB AUTO_INCREMENT=6 DEFAULT CHARSET=utf8;

--
-- Volcado de datos para la tabla `config_horario_nodisponible`
--

INSERT INTO `config_horario_nodisponible` (`id`, `l`, `m`, `mi`, `j`, `v`, `s`, `d`, `h_inicio`, `h_fin`, `activo`) VALUES
(1, 1, 0, 0, 0, 0, 0, 0, '11:00', '12:00', 0),
(2, 0, 0, 0, 0, 0, 0, 0, '14:00', '15:00', 1),
(4, 1, 0, 0, 0, 0, 0, 0, '17:00', '18:00', 0),
(5, 0, 0, 0, 0, 0, 0, 0, '00:00', '00:00', 0);

-- --------------------------------------------------------

--
-- Estructura de tabla para la tabla `consultas`
--

DROP TABLE IF EXISTS `consultas`;
CREATE TABLE IF NOT EXISTS `consultas` (
  `idconsulta` bigint(20) NOT NULL AUTO_INCREMENT,
  `idpaciente` int(11) NOT NULL,
  `fechainicio` date NOT NULL,
  `horainicio` time NOT NULL,
  `consultafecha` date NOT NULL,
  `nota_evaluacion` text NOT NULL,
  `altrura` float NOT NULL,
  `peso` float NOT NULL,
  `ta` varchar(255) NOT NULL,
  `tempc` float NOT NULL,
  `fc` varchar(255) NOT NULL,
  `fr` float NOT NULL,
  `o2` float NOT NULL,
  `exploracionfisica` text NOT NULL,
  `resultadoestudiolaboratorio` text NOT NULL,
  `proximaconsulta` int(11) NOT NULL,
  `proximafecha` date NOT NULL,
  `status` int(1) NOT NULL,
  `tipo` int(11) NOT NULL,
  `activo` int(1) NOT NULL DEFAULT '1',
  PRIMARY KEY (`idconsulta`)
) ENGINE=MyISAM AUTO_INCREMENT=4 DEFAULT CHARSET=utf8;

--
-- Volcado de datos para la tabla `consultas`
--

INSERT INTO `consultas` (`idconsulta`, `idpaciente`, `fechainicio`, `horainicio`, `consultafecha`, `nota_evaluacion`, `altrura`, `peso`, `ta`, `tempc`, `fc`, `fr`, `o2`, `exploracionfisica`, `resultadoestudiolaboratorio`, `proximaconsulta`, `proximafecha`, `status`, `tipo`, `activo`) VALUES
(1, 0, '0000-00-00', '10:55:40', '0000-00-00', '', 0, 0, '', 0, '', 0, 0, '', '', 0, '0000-00-00', 0, 1, 1),
(2, 0, '0000-00-00', '10:57:44', '0000-00-00', '', 0, 0, '', 0, '', 0, 0, '', '', 0, '0000-00-00', 0, 1, 1),
(3, 0, '0000-00-00', '10:59:31', '0000-00-00', '', 0, 0, '', 0, '', 0, 0, '', '', 0, '0000-00-00', 0, 1, 1);

-- --------------------------------------------------------

--
-- Estructura de tabla para la tabla `consulta_medicina_estetica`
--

DROP TABLE IF EXISTS `consulta_medicina_estetica`;
CREATE TABLE IF NOT EXISTS `consulta_medicina_estetica` (
  `idconsulta` bigint(20) NOT NULL AUTO_INCREMENT,
  `idpaciente` int(11) NOT NULL,
  `consultafecha` date NOT NULL,
  `motivo_consulta` text NOT NULL,
  `nota_evaluacion` text NOT NULL,
  `altrura` float NOT NULL,
  `peso` float NOT NULL,
  `ta` varchar(50) NOT NULL,
  `tempc` float NOT NULL,
  `fc` varchar(50) NOT NULL,
  `fr` float NOT NULL,
  `o2` float NOT NULL,
  `exploracionfisica` text NOT NULL,
  `tratamiento_estetico` text NOT NULL,
  `cirugia_estetica` text NOT NULL,
  `area_tratar` text NOT NULL,
  `rutina_cuidado` text NOT NULL,
  `edad_aparente` varchar(100) DEFAULT NULL,
  `tipo` int(1) NOT NULL,
  `estado` int(1) NOT NULL,
  `fototipo` int(1) NOT NULL,
  `grosor` int(1) NOT NULL,
  `flacidez` int(1) NOT NULL,
  `higratacion` int(1) NOT NULL,
  `cicatrizacion` int(1) NOT NULL,
  `proximaconsulta` int(1) NOT NULL,
  `proximafecha` date NOT NULL,
  `foto_facial` varchar(255) NOT NULL,
  `firma_paciente_txt` varchar(100) NOT NULL,
  `firma_paciente` varchar(100) NOT NULL,
  `firma_cosmetologa_txt` varchar(100) NOT NULL,
  `firma_cosmetologa` varchar(100) NOT NULL,
  `estatus` int(1) NOT NULL,
  `activo` int(1) NOT NULL DEFAULT '1' COMMENT '1-activo 0-eliminado',
  `horainicio` time NOT NULL,
  `reg` datetime NOT NULL,
  PRIMARY KEY (`idconsulta`)
) ENGINE=MyISAM AUTO_INCREMENT=20 DEFAULT CHARSET=utf8;

--
-- Volcado de datos para la tabla `consulta_medicina_estetica`
--

INSERT INTO `consulta_medicina_estetica` (`idconsulta`, `idpaciente`, `consultafecha`, `motivo_consulta`, `nota_evaluacion`, `altrura`, `peso`, `ta`, `tempc`, `fc`, `fr`, `o2`, `exploracionfisica`, `tratamiento_estetico`, `cirugia_estetica`, `area_tratar`, `rutina_cuidado`, `edad_aparente`, `tipo`, `estado`, `fototipo`, `grosor`, `flacidez`, `higratacion`, `cicatrizacion`, `proximaconsulta`, `proximafecha`, `foto_facial`, `firma_paciente_txt`, `firma_paciente`, `firma_cosmetologa_txt`, `firma_cosmetologa`, `estatus`, `activo`, `horainicio`, `reg`) VALUES
(1, 3, '2021-01-21', 'Manchas en la cara\r\nprueba \r\n1', '', 169, 10, '34', 324, '34', 7, 12, 'xploración Físic', 'ratamientos estéticos pre', 'Cirugías estéticas o reconstru', '¿Qué área le gustaría tratar?', '', NULL, 0, 0, 0, 0, 0, 0, 0, 4, '2021-01-30', '', '', '', '', '', 0, 1, '06:12:12', '2021-01-21 17:18:00'),
(16, 3, '2021-01-22', 'Nuestro valor agregado no es sólo a la excelente atención sino que nos concentramos en la calidad humana que nos distingue. Desde la primera cita sentirás una relación de confianza y respeto que te permitirá un gran apoyo y asesoría para resolver cualquier duda referente a tu cirugía. Buscamos de proponerte de manera detallada la solución adecuada para guiarte paso a paso hacia la armonía y bienestar, resaltando tu autoestima cada vez que se refleja tu imagen.', 'Dr. Fadi Haidar | Cirujano Plástico . Te acompañamos en todo el proceso de cambio a través de la intervención de nuestro equipo de profesionales de cirugía plástica estética (cara, cuerpo, senos, nariz, gluteo, cirugía íntima), desde la primera cita hasta darte de alta, ya que contamos con toda la infraestructura de rehabilitación post operatoria, de manera que no necesitas acudir a otro lugar.', 23, 323, '232', 323, '2313', 323, 0, '3', '324Ya está lista', '32434', '234', '', '15 años', 1, 4, 4, 3, 2, 3, 3, 4, '2021-01-26', '2021_01_26-06_49_36.txt', 'Gorge', '2021_01_28-06_42_11.txt', 'Karla', '2021_01_28-06_42_11.txt', 0, 1, '17:46:48', '2021-01-22 17:46:48'),
(17, 3, '2021-01-26', '', '', 0, 0, '', 0, '', 0, 0, '', '', '', '', '', '', 0, 0, 0, 0, 0, 0, 0, 0, '2021-01-27', '', '', '2021_01_28-04_06_56.txt', '', '', 0, 1, '17:17:48', '2021-01-26 17:17:48'),
(18, 3, '2021-01-28', 'ffffffffffffffffffffffffffffffff', '', 0, 0, '', 0, '', 0, 0, '', '', '', '', '', '0000-00-00', 0, 0, 0, 0, 0, 0, 0, 0, '2021-01-12', '', '', '', '', '', 0, 1, '11:26:39', '2021-01-28 11:26:39'),
(19, 3, '2021-01-28', 'prueba 2', '', 0, 0, '', 0, '', 0, 0, '', '', '', '', '', '', 0, 0, 0, 0, 0, 0, 0, 0, '2021-01-12', '', '', '', '', '', 0, 1, '12:16:54', '2021-01-28 12:16:54');

-- --------------------------------------------------------

--
-- Estructura de tabla para la tabla `consulta_medicina_estetica_diagnostico`
--

DROP TABLE IF EXISTS `consulta_medicina_estetica_diagnostico`;
CREATE TABLE IF NOT EXISTS `consulta_medicina_estetica_diagnostico` (
  `iddiagnostico` bigint(20) NOT NULL AUTO_INCREMENT,
  `idconsulta` bigint(20) NOT NULL,
  `diagnostico` text NOT NULL,
  `activo` int(1) NOT NULL DEFAULT '1',
  PRIMARY KEY (`iddiagnostico`)
) ENGINE=MyISAM AUTO_INCREMENT=16 DEFAULT CHARSET=utf8;

--
-- Volcado de datos para la tabla `consulta_medicina_estetica_diagnostico`
--

INSERT INTO `consulta_medicina_estetica_diagnostico` (`iddiagnostico`, `idconsulta`, `diagnostico`, `activo`) VALUES
(1, 6, 'a', 1),
(2, 6, 'a2', 1),
(3, 6, 'a3', 0),
(4, 15, 'a 1', 1),
(5, 15, 'b 2', 1),
(6, 15, 'c 3', 0),
(7, 2, 'a 1', 1),
(8, 2, 'a2', 1),
(9, 2, 'a5', 1),
(10, 16, 'weq', 1),
(11, 16, 'a 1', 0),
(12, 16, 'a 1', 0),
(13, 16, 'a1', 1),
(14, 16, 'wewe', 1),
(15, 16, 'scsdf', 1);

-- --------------------------------------------------------

--
-- Estructura de tabla para la tabla `consulta_medicina_estetica_tratamiento`
--

DROP TABLE IF EXISTS `consulta_medicina_estetica_tratamiento`;
CREATE TABLE IF NOT EXISTS `consulta_medicina_estetica_tratamiento` (
  `idtratamiento` bigint(20) NOT NULL AUTO_INCREMENT,
  `idconsulta` bigint(20) NOT NULL,
  `tratamiento` text NOT NULL,
  `activo` int(1) NOT NULL DEFAULT '1',
  PRIMARY KEY (`idtratamiento`)
) ENGINE=MyISAM AUTO_INCREMENT=24 DEFAULT CHARSET=utf8;

--
-- Volcado de datos para la tabla `consulta_medicina_estetica_tratamiento`
--

INSERT INTO `consulta_medicina_estetica_tratamiento` (`idtratamiento`, `idconsulta`, `tratamiento`, `activo`) VALUES
(1, 9, '0', 1),
(2, 9, '0', 1),
(3, 10, '0', 1),
(4, 10, '0', 1),
(5, 11, '0', 1),
(6, 11, '0', 1),
(7, 12, '0', 1),
(8, 12, '0', 1),
(9, 13, '0', 1),
(10, 13, '0', 1),
(11, 14, 'dasd', 1),
(12, 14, 'sss', 1),
(13, 15, 'a 1', 1),
(14, 15, 'b 2', 0),
(15, 15, 'c 3', 0),
(16, 2, 'a 1', 1),
(17, 2, 'dasd', 1),
(18, 2, 'trata', 1),
(19, 16, 'a 1', 1),
(20, 16, 'we', 0),
(21, 16, 'dasd', 1),
(22, 16, 'trata', 1),
(23, 16, 'c 3', 1);

-- --------------------------------------------------------

--
-- Estructura de tabla para la tabla `consulta_spa`
--

DROP TABLE IF EXISTS `consulta_spa`;
CREATE TABLE IF NOT EXISTS `consulta_spa` (
  `idconsulta` bigint(20) NOT NULL AUTO_INCREMENT,
  `idpaciente` int(11) NOT NULL,
  `consultafecha` date NOT NULL,
  `cosmetologa` varchar(100) NOT NULL,
  `motivo_consulta` text NOT NULL,
  `nota_evaluacion` text NOT NULL,
  `altrura` float NOT NULL,
  `peso` float NOT NULL,
  `ta` varchar(50) NOT NULL,
  `tempc` float NOT NULL,
  `fc` varchar(50) NOT NULL,
  `fr` float NOT NULL,
  `o2` float NOT NULL,
  `exploracionfisica` text NOT NULL,
  `tipo_servicio` int(1) NOT NULL,
  `frutas_vegetales` varchar(100) NOT NULL,
  `carnes_rojas` varchar(100) NOT NULL,
  `carne_cerdo` varchar(100) NOT NULL,
  `pollo` varchar(100) NOT NULL,
  `lacteos` varchar(100) NOT NULL,
  `harinas_refinadas` varchar(100) NOT NULL,
  `endulza` varchar(100) NOT NULL,
  `aguasl` varchar(100) NOT NULL,
  `chatarra` varchar(100) NOT NULL,
  `gaseosa` varchar(100) NOT NULL,
  `tratamiento_anteriores` varchar(255) NOT NULL,
  `tratamiento_esteticos` varchar(255) NOT NULL,
  `cuidado_casa_am` varchar(100) NOT NULL,
  `cuidado_casa_pm` varchar(100) NOT NULL,
  `proximafecha` date NOT NULL,
  `firma_paciente_txt` varchar(100) NOT NULL,
  `firma_paciente` varchar(100) NOT NULL,
  `firma_cosmetologa_txt` varchar(100) NOT NULL,
  `firma_cosmetologa` varchar(100) NOT NULL,
  `estatus` int(1) NOT NULL,
  `activo` int(1) NOT NULL DEFAULT '1',
  `horainicio` time NOT NULL,
  `reg` datetime NOT NULL,
  PRIMARY KEY (`idconsulta`)
) ENGINE=MyISAM DEFAULT CHARSET=utf8;

-- --------------------------------------------------------

--
-- Estructura de tabla para la tabla `consultotrio`
--

DROP TABLE IF EXISTS `consultotrio`;
CREATE TABLE IF NOT EXISTS `consultotrio` (
  `idconsultorio` int(11) NOT NULL AUTO_INCREMENT,
  `nombre` varchar(255) NOT NULL,
  `activo` int(1) NOT NULL DEFAULT '1',
  `personalId` int(11) NOT NULL,
  PRIMARY KEY (`idconsultorio`)
) ENGINE=MyISAM AUTO_INCREMENT=2 DEFAULT CHARSET=utf8;

--
-- Volcado de datos para la tabla `consultotrio`
--

INSERT INTO `consultotrio` (`idconsultorio`, `nombre`, `activo`, `personalId`) VALUES
(1, 'Unne Neurología y Neurofisiología', 1, 1);

-- --------------------------------------------------------

--
-- Estructura de tabla para la tabla `diagnosticos`
--

DROP TABLE IF EXISTS `diagnosticos`;
CREATE TABLE IF NOT EXISTS `diagnosticos` (
  `iddiagnostico` bigint(20) NOT NULL AUTO_INCREMENT,
  `idconsulta` bigint(20) NOT NULL,
  `diagnostico` text NOT NULL,
  `activo` int(1) NOT NULL DEFAULT '1',
  PRIMARY KEY (`iddiagnostico`)
) ENGINE=MyISAM DEFAULT CHARSET=utf8;

-- --------------------------------------------------------

--
-- Estructura de tabla para la tabla `entrenamientos`
--

DROP TABLE IF EXISTS `entrenamientos`;
CREATE TABLE IF NOT EXISTS `entrenamientos` (
  `identrenamiento` int(11) NOT NULL AUTO_INCREMENT,
  `personalId` int(11) NOT NULL,
  `nombre` text NOT NULL,
  `activo` int(1) NOT NULL DEFAULT '1',
  `reg` datetime NOT NULL,
  PRIMARY KEY (`identrenamiento`)
) ENGINE=MyISAM AUTO_INCREMENT=7 DEFAULT CHARSET=utf8;

--
-- Volcado de datos para la tabla `entrenamientos`
--

INSERT INTO `entrenamientos` (`identrenamiento`, `personalId`, `nombre`, `activo`, `reg`) VALUES
(1, 3, 'Nutrición', 0, '2021-01-20 12:00:04'),
(2, 3, 'Nutrición en alimentos de verduras', 1, '2021-01-20 12:02:22'),
(6, 3, 'fdgdfgdfg', 1, '2021-01-20 12:32:07'),
(3, 3, 'Masaje en área de espada', 1, '2021-01-20 12:03:35'),
(4, 3, 'Estiramientos', 0, '2021-01-20 12:03:47'),
(5, 3, 'Yoga normal', 0, '2021-01-20 12:03:58');

-- --------------------------------------------------------

--
-- Estructura de tabla para la tabla `espacio_trabajo`
--

DROP TABLE IF EXISTS `espacio_trabajo`;
CREATE TABLE IF NOT EXISTS `espacio_trabajo` (
  `idespacio` int(11) NOT NULL AUTO_INCREMENT,
  `nombre` varchar(255) NOT NULL,
  `color` varchar(20) NOT NULL,
  `activo` int(1) NOT NULL DEFAULT '1',
  `reg` datetime NOT NULL,
  PRIMARY KEY (`idespacio`)
) ENGINE=MyISAM AUTO_INCREMENT=10 DEFAULT CHARSET=utf8;

--
-- Volcado de datos para la tabla `espacio_trabajo`
--

INSERT INTO `espacio_trabajo` (`idespacio`, `nombre`, `color`, `activo`, `reg`) VALUES
(1, 'Prueba 1', '#16a5d4', 0, '2021-01-11 18:27:24'),
(2, 'Prueba 2', '#5e53ee', 0, '2021-01-11 18:56:23'),
(3, 'Prueba 3', '#f22c2c', 0, '2021-01-12 11:08:00'),
(4, 'Prueba 4', '#30ec22', 1, '2021-01-12 11:08:58'),
(5, 'Prueba5', '#c90076', 1, '2021-01-13 17:40:32'),
(6, 'Prueba 6', '#744700', 1, '2021-01-13 17:41:54'),
(7, 'Prueba 7', '#f44336', 1, '2021-01-13 17:42:11'),
(8, 'oficina', '#cfe2f3', 1, '2021-01-20 10:56:24'),
(9, 'cccc', '#f1c232', 0, '2021-01-20 12:08:22');

-- --------------------------------------------------------

--
-- Estructura de tabla para la tabla `historia_clinica`
--

DROP TABLE IF EXISTS `historia_clinica`;
CREATE TABLE IF NOT EXISTS `historia_clinica` (
  `idclinica` int(11) NOT NULL AUTO_INCREMENT,
  `idpaciente` int(11) NOT NULL,
  `chediabetes` varchar(1) NOT NULL,
  `diabetes` text NOT NULL,
  `checancer` varchar(1) NOT NULL,
  `cancer` text NOT NULL,
  `chehipertencion` varchar(1) NOT NULL,
  `hipertencion` text NOT NULL,
  `cheotro_antecedente` varchar(1) NOT NULL,
  `otro_antecedente` text NOT NULL,
  `cheingesta` varchar(1) NOT NULL,
  `ingesta` text NOT NULL,
  `checirugia` varchar(1) NOT NULL,
  `cirugia` text NOT NULL,
  `otras_enfemedades` text NOT NULL,
  `chetransfusiones` varchar(1) NOT NULL,
  `transfusiones` text NOT NULL,
  `chehepatitis` varchar(1) NOT NULL,
  `chehepatitisa` varchar(1) NOT NULL,
  `chehepatitisb` varchar(1) NOT NULL,
  `chehepatitisc` varchar(1) NOT NULL,
  `hepatitis` text NOT NULL,
  `chediabetesmillitus` varchar(1) NOT NULL,
  `diabetesmillitus` text NOT NULL,
  `chehipertensionarterial` varchar(1) NOT NULL,
  `hipertensionarterial` text NOT NULL,
  `chetabaquismo` varchar(1) NOT NULL,
  `tabaquismo` text NOT NULL,
  `chetomabebidas` varchar(1) NOT NULL,
  `veces_semana` varchar(5) NOT NULL,
  `copasdia` varchar(10) NOT NULL,
  `bebidas_alcoholicas` text NOT NULL,
  `checonsumodrogas` varchar(1) NOT NULL,
  `consumodrogas` text NOT NULL,
  `cherealizaejercicio` varchar(1) NOT NULL,
  `realizaejercicio` text NOT NULL,
  `interrogatorio_aparatos` text NOT NULL,
  `chetpersonal` varchar(1) NOT NULL,
  `chetpersonal_servicios` varchar(1) NOT NULL,
  `chetalimentacion` varchar(1) NOT NULL,
  `chetfruta` varchar(1) NOT NULL,
  `fruta` varchar(255) NOT NULL,
  `chetcarne` varchar(1) NOT NULL,
  `carnes_rojas` varchar(255) NOT NULL,
  `chetcerdo` varchar(1) NOT NULL,
  `cerdos` varchar(255) NOT NULL,
  `chetpollo` varchar(1) NOT NULL,
  `pollo` varchar(255) NOT NULL,
  `chetlacteo` varchar(1) NOT NULL,
  `lacteos` varchar(255) NOT NULL,
  `chetharina` varchar(1) NOT NULL,
  `harina` varchar(255) NOT NULL,
  `chetagua` varchar(1) NOT NULL,
  `aguas` varchar(255) NOT NULL,
  `chetchatarra` varchar(1) NOT NULL,
  `chatarras` varchar(255) NOT NULL,
  `chetalcohol` varchar(1) NOT NULL,
  `cuando_inicio_alcohol` varchar(100) NOT NULL,
  `cada_cuando_alcohol` varchar(100) NOT NULL,
  `cuantos_dia_alcohol` varchar(100) NOT NULL,
  `chettabaco` varchar(1) NOT NULL,
  `cuando_inicio_tabaco` varchar(100) NOT NULL,
  `cada_cuando_tabaco` varchar(100) NOT NULL,
  `cuantos_dia_tabaco` varchar(100) NOT NULL,
  `chetdroga` varchar(1) NOT NULL,
  `cuando_inicio_drogas` varchar(100) NOT NULL,
  `cada_cuando_drogas` varchar(100) NOT NULL,
  `cuantos_dia_drogas` varchar(100) NOT NULL,
  `inmunizaciones` varchar(255) NOT NULL,
  `desparasitacion` varchar(100) NOT NULL,
  `marcar` varchar(50) NOT NULL,
  `mestrual` varchar(50) NOT NULL,
  `dismenorrea` varchar(50) NOT NULL,
  `menstruacion` varchar(50) NOT NULL,
  `sexual` varchar(50) NOT NULL,
  `parejas` varchar(50) NOT NULL,
  `embarazos` varchar(50) NOT NULL,
  `abortos` varchar(50) NOT NULL,
  `cesareas` varchar(50) NOT NULL,
  `lactancia` varchar(50) NOT NULL,
  `anticonceptivos` varchar(50) NOT NULL,
  `ets` varchar(50) NOT NULL,
  `menopausia` varchar(50) NOT NULL,
  `climaterio` varchar(50) NOT NULL,
  `papanicolau` varchar(50) NOT NULL,
  `mastografia` varchar(50) NOT NULL,
  `chetmedicamento` varchar(1) NOT NULL,
  `medicamentos_deprecion` varchar(255) NOT NULL,
  `chethospitalizacion` varchar(1) NOT NULL,
  `hospitalizacion` varchar(150) NOT NULL,
  `chetalegia` varchar(1) NOT NULL,
  `alergias` varchar(255) NOT NULL,
  `chetfractura` varchar(1) NOT NULL,
  `fracturas` varchar(100) NOT NULL,
  `chetlactancia` varchar(1) NOT NULL,
  `embarazo_lactancia` varchar(200) NOT NULL,
  `hipercolesterolemia` varchar(1) NOT NULL,
  `epilepsia` varchar(1) NOT NULL,
  `enfermedades_musculares` varchar(1) NOT NULL,
  `medicamento` text NOT NULL,
  PRIMARY KEY (`idclinica`)
) ENGINE=MyISAM AUTO_INCREMENT=9 DEFAULT CHARSET=utf8;

--
-- Volcado de datos para la tabla `historia_clinica`
--

INSERT INTO `historia_clinica` (`idclinica`, `idpaciente`, `chediabetes`, `diabetes`, `checancer`, `cancer`, `chehipertencion`, `hipertencion`, `cheotro_antecedente`, `otro_antecedente`, `cheingesta`, `ingesta`, `checirugia`, `cirugia`, `otras_enfemedades`, `chetransfusiones`, `transfusiones`, `chehepatitis`, `chehepatitisa`, `chehepatitisb`, `chehepatitisc`, `hepatitis`, `chediabetesmillitus`, `diabetesmillitus`, `chehipertensionarterial`, `hipertensionarterial`, `chetabaquismo`, `tabaquismo`, `chetomabebidas`, `veces_semana`, `copasdia`, `bebidas_alcoholicas`, `checonsumodrogas`, `consumodrogas`, `cherealizaejercicio`, `realizaejercicio`, `interrogatorio_aparatos`, `chetpersonal`, `chetpersonal_servicios`, `chetalimentacion`, `chetfruta`, `fruta`, `chetcarne`, `carnes_rojas`, `chetcerdo`, `cerdos`, `chetpollo`, `pollo`, `chetlacteo`, `lacteos`, `chetharina`, `harina`, `chetagua`, `aguas`, `chetchatarra`, `chatarras`, `chetalcohol`, `cuando_inicio_alcohol`, `cada_cuando_alcohol`, `cuantos_dia_alcohol`, `chettabaco`, `cuando_inicio_tabaco`, `cada_cuando_tabaco`, `cuantos_dia_tabaco`, `chetdroga`, `cuando_inicio_drogas`, `cada_cuando_drogas`, `cuantos_dia_drogas`, `inmunizaciones`, `desparasitacion`, `marcar`, `mestrual`, `dismenorrea`, `menstruacion`, `sexual`, `parejas`, `embarazos`, `abortos`, `cesareas`, `lactancia`, `anticonceptivos`, `ets`, `menopausia`, `climaterio`, `papanicolau`, `mastografia`, `chetmedicamento`, `medicamentos_deprecion`, `chethospitalizacion`, `hospitalizacion`, `chetalegia`, `alergias`, `chetfractura`, `fracturas`, `chetlactancia`, `embarazo_lactancia`, `hipercolesterolemia`, `epilepsia`, `enfermedades_musculares`, `medicamento`) VALUES
(1, 1, '0', 'wef', '0', 'vxc', '0', 'mnb', '0', 'iop', '0', '', '1', 'jjjjj b b 4', 'dasdadadssad mmmmm 5', '1', 'safasfdf  vvvb  ggg 1', '1', '0', '0', '0', 'dfsdfd n', '1', 'fdfgdfg f b', '1', 'dfgdfgf n v', '0', '', '0', '', '', '', '0', '', '0', '', 'dddd', '1', '0', '0', '1', 'sss', '1', 'asdsad dddd', '1', 'bbb', '1', 'tt', '1', 'jj', '1', 'kk', '1', 'qq', '1', 'xx', '0', 'asd', 'trhr', 'jkl', '0', 'bmn', 'yui', 'cvb', '0', 'qwe', 'fgh', 'uio', 'ds', 'dasd', 'af', 'fffg', 'vfvx', 'fvxc', 'dgdfg', 'gdf', 'rwer', 'gdfg', 'qbcvb', 'wbcvb', 'ebcbv', 'bgdfg', 'ncbvc', 'msdfsd', 'kfgjghj', 'ñmbnm', '1', 'sdfsdf v 3 ffff', '1', 'sdfsdfs 2', '1', 'alergias cc 3', '1', 'sfdsdfsdf  mm 4', '1', 'ddsfghjk  b bb g', '1', '1', '1', ''),
(2, 0, '0', '', '0', '', '0', '', '0', '', '0', '', '0', '', '', '0', '', '0', '0', '0', '0', '', '0', '', '0', '', '0', '', '0', '', '', '', '0', '', '0', '', '', '', '', '', '', '', '', '', '', '', '', '', '', '', '', '', '', '', '', '', '', '', '', '', '', '', '', '', '', '', '', '', '', '', '0', '0', '0', '0', '0', '0', '0', '0', '0', '0', '0', '0', '0', '0', '0', '0', '', '', '', '', '', '', '', '', '', '', '', '', '', ''),
(3, 0, '0', '', '0', '', '0', '', '0', '', '0', '', '0', '', '', '0', '', '0', '0', '0', '0', '', '0', '', '0', '', '0', '', '0', '', '', '', '0', '', '0', '', '', '', '', '', '', '', '', '', '', '', '', '', '', '', '', '', '', '', '', '', '', '', '', '', '', '', '', '', '', '', '', '', '', '', '0', '0', '0', '0', '0', '0', '0', '0', '0', '0', '0', '0', '0', '0', '0', '0', '', '', '', '', '', '', '', '', '', '', '', '', '', ''),
(4, 0, '0', '', '0', '', '0', '', '0', '', '0', '', '0', '', '', '0', '', '0', '0', '0', '0', '', '0', '', '0', '', '0', '', '0', '', '', '', '0', '', '0', '', '', '', '', '', '', '', '', '', '', '', '', '', '', '', '', '', '', '', '', '', '', '', '', '', '', '', '', '', '', '', '', '', '', '', '0', '0', '0', '0', '0', '0', '0', '0', '0', '0', '0', '0', '0', '0', '0', '0', '', '', '', '', '', '', '', '', '', '', '', '', '', ''),
(5, 0, '0', '', '0', '', '0', '', '0', '', '0', '', '0', '', '', '0', '', '0', '0', '0', '0', '', '0', '', '0', '', '0', '', '0', '', '', '', '0', '', '0', '', '', '0', '0', '0', '0', '', '0', '', '0', '', '0', '', '0', '', '0', '', '0', '', '0', '', '0', '', '', '', '0', '', '', '', '0', '', '', '', '', '', '', '', '', '', '', '', '', '', '', '', '', '', '', '', '', '', '0', '', '0', '', '0', '', '0', '', '0', '', '', '', '', ''),
(6, 0, '0', '', '0', '', '0', '', '0', '', '0', '', '0', '', '', '0', '', '0', '0', '0', '0', '', '0', '', '0', '', '0', '', '0', '', '', '', '0', '', '0', '', '', '0', '0', '0', '0', '', '0', '', '0', '', '0', '', '0', '', '0', '', '0', '', '0', '', '0', '', '', '', '0', '', '', '', '0', '', '', '', '', '', '', '', '', '', '', '', '', '', '', '', '', '', '', '', '', '', '0', '', '0', '', '0', '', '0', '', '0', '', '', '', '', ''),
(7, 2, '0', '', '0', '', '0', '', '0', '', '0', '', '0', '', '', '0', '', '0', '0', '0', '0', '', '0', '', '0', '', '0', '', '0', '', '', '', '0', '', '0', '', '', '0', '0', '0', '0', '', '0', '', '0', '', '0', '', '0', '', '0', '', '0', '', '0', '', '0', '', '', '', '0', '', '', '', '0', '', '', '', '', '', '', '', '', '', '', '', '', '', '', '', '', '', '', '', '', '', '0', '', '0', '', '0', '', '0', '', '0', '', '0', '0', '0', ''),
(8, 3, '0', '', '0', '', '0', '', '0', '', '0', '', '0', '', '', '0', '', '0', '0', '0', '0', '', '0', '', '0', '', '0', '', '0', '', '', '', '0', '', '0', '', '', '0', '0', '0', '0', '', '0', '', '0', '', '0', '', '0', '', '0', '', '0', '', '0', '', '0', '', '', '', '0', '', '', '', '0', '', '', '', '', '', '', '', '', '', '', '', '', '', '', '', '', '', '', '', '', '', '0', '', '0', '', '0', '', '0', '', '0', '', '0', '0', '0', 'bbbbbbbbbbbbbb');

-- --------------------------------------------------------

--
-- Estructura de tabla para la tabla `interconsulta`
--

DROP TABLE IF EXISTS `interconsulta`;
CREATE TABLE IF NOT EXISTS `interconsulta` (
  `idinterconsulta` bigint(20) NOT NULL AUTO_INCREMENT,
  `idconsulta` bigint(20) NOT NULL,
  `incluir_diagnostico` int(1) NOT NULL,
  `nombre_diagnostico` varchar(255) NOT NULL,
  `motivo_interconsulta` text NOT NULL,
  `activo` int(1) NOT NULL DEFAULT '1',
  PRIMARY KEY (`idinterconsulta`)
) ENGINE=MyISAM DEFAULT CHARSET=utf8;

-- --------------------------------------------------------

--
-- Estructura de tabla para la tabla `interconsulta_medico`
--

DROP TABLE IF EXISTS `interconsulta_medico`;
CREATE TABLE IF NOT EXISTS `interconsulta_medico` (
  `id` bigint(20) NOT NULL AUTO_INCREMENT,
  `idinterconsulta` bigint(20) NOT NULL,
  `nombre` varchar(255) NOT NULL,
  `especialidad` varchar(255) NOT NULL,
  `hospital` varchar(255) NOT NULL,
  `no_consultorio` varchar(255) NOT NULL,
  `domicilio` varchar(255) NOT NULL,
  `telefono` varchar(255) NOT NULL,
  `ciudad` varchar(255) NOT NULL,
  `activo` int(1) NOT NULL DEFAULT '1',
  PRIMARY KEY (`id`)
) ENGINE=MyISAM DEFAULT CHARSET=utf8;

-- --------------------------------------------------------

--
-- Estructura de tabla para la tabla `lada`
--

DROP TABLE IF EXISTS `lada`;
CREATE TABLE IF NOT EXISTS `lada` (
  `id` int(11) NOT NULL,
  `nombre` varchar(50) NOT NULL
) ENGINE=MyISAM DEFAULT CHARSET=utf8;

--
-- Volcado de datos para la tabla `lada`
--

INSERT INTO `lada` (`id`, `nombre`) VALUES
(93, 'Afganistán +93'),
(355, 'Albania +355'),
(49, 'Alemania +49'),
(376, 'Andorra +376'),
(244, 'Angola +244'),
(1264, 'Anguila +1 264'),
(672, 'Antártida +672'),
(966, 'Arabia Saudita +966'),
(213, 'Argelia +213'),
(549, 'Argentina +54'),
(374, 'Armenia +374'),
(297, 'Aruba +297'),
(61, 'Australia +61'),
(43, 'Austria +43'),
(994, 'Azerbaiyán +994'),
(1, 'Bahamas +1'),
(973, 'Bahréin +973'),
(880, 'Bangladesh +880'),
(1, 'Barbados +1'),
(32, 'Bélgica +32'),
(501, 'Belice +501'),
(229, 'Benín +229'),
(1, 'Bermudas +1'),
(375, 'Bielorrusia +375'),
(95, 'Birmania (Myanmar) +95'),
(591, 'Bolivia +591'),
(387, 'Bosnia-Herzegovina +387'),
(267, 'Botsuana +267'),
(55, 'Brasil +55'),
(673, 'Brunéi +673'),
(359, 'Bulgaria +359'),
(226, 'Burkina Faso +226'),
(257, 'Burundi +257'),
(975, 'Bután +975'),
(238, 'Cabo Verde +238'),
(855, 'Camboya +855'),
(237, 'Camerún +237'),
(1, 'Canadá +1'),
(56, 'Chile +56'),
(86, 'China +86'),
(357, 'Chipre +357'),
(57, 'Colombia +57'),
(269, 'Comoras +269'),
(850, 'Corea del Norte +850'),
(82, 'Corea del Sur +82'),
(225, 'Costa de Marfil +225'),
(506, 'Costa Rica +506'),
(385, 'Croacia +385'),
(53, 'Cuba +53'),
(599, 'Curazao +599'),
(45, 'Dinamarca +45'),
(253, 'Djibuti +253'),
(1, 'Dominica +1'),
(593, 'Ecuador +593'),
(20, 'Egipto +20'),
(212, 'El Sáhara Español +212'),
(503, 'El Salvador +503'),
(39, 'El Vaticano +39'),
(971, 'Emiratos Árabes Unidos +971'),
(291, 'Eritrea +291'),
(421, 'Eslovaquia +421'),
(386, 'Eslovenia +386'),
(34, 'España +34'),
(1, 'Estados Unidos +1'),
(372, 'Estonia +372'),
(251, 'Etiopía +251'),
(63, 'Filipinas +63'),
(358, 'Finlandia +358'),
(679, 'Fiyi +679'),
(33, 'Francia +33'),
(241, 'Gabón +241'),
(220, 'Gambia +220'),
(995, 'Georgia +995'),
(233, 'Ghana +233'),
(350, 'Gibraltar +350'),
(30, 'Grecia +30'),
(299, 'Groenlandia +299'),
(590, 'Guadalupe +590'),
(1671, 'Guam +1 671'),
(502, 'Guatemala +502'),
(224, 'Guinea +224'),
(240, 'Guinea Ecuatorial +240'),
(245, 'Guinea-Bissáu +245'),
(592, 'Guyana +592'),
(509, 'Haití +509'),
(31, 'Holanda +31'),
(504, 'Honduras +504'),
(852, 'Hong Kong +852'),
(36, 'Hungría +36'),
(91, 'India +91'),
(62, 'Indonesia +62'),
(964, 'Irak +964'),
(98, 'Irán +98'),
(353, 'Irlanda +353'),
(44, 'Isla de Man +44'),
(672, 'Isla Norfolk +672'),
(354, 'Islandia +354'),
(1345, 'Islas Caimán +1-345'),
(682, 'Islas Cook +682'),
(298, 'Islas Feroe +298'),
(500, 'Islas Malvinas +500'),
(1670, 'Islas Marianas del Norte +1 670'),
(692, 'Islas Marshall +692'),
(870, 'Islas Pitcairn +870'),
(677, 'Islas Salomón +677'),
(1284, 'Islas Vírgenes Británicas +1 284'),
(972, 'Israel +972'),
(39, 'Italia +39'),
(1, 'Jamaica +1'),
(81, 'Japón +81'),
(962, 'Jordania +962'),
(7, 'Kazajistán +7'),
(254, 'Kenia +254'),
(996, 'Kirgizistán +996'),
(686, 'Kiribati +686'),
(381, 'Kosovo +381'),
(965, 'Kuwait +965'),
(856, 'Laos +856'),
(266, 'Lesoto +266'),
(371, 'Letonia +371'),
(961, 'Líbano +961'),
(231, 'Liberia +231'),
(218, 'Libia +218'),
(423, 'Liechtenstein +423'),
(370, 'Lituania +370'),
(352, 'Luxemburgo +352'),
(853, 'Macao +853'),
(389, 'Macedonia +389'),
(261, 'Madagascar +261'),
(60, 'Malasia +60'),
(265, 'Malaui +265'),
(960, 'Maldivas +960'),
(223, 'Mali +223'),
(356, 'Malta +356'),
(212, 'Marruecos +212'),
(230, 'Mauricio +230'),
(222, 'Mauritania +222'),
(521, 'México +52'),
(691, 'Micronesia +691'),
(373, 'Moldavia +373'),
(377, 'Mónaco +377'),
(976, 'Mongolia +976'),
(382, 'Montenegro +382'),
(1664, 'Montserrat +1 664'),
(258, 'Mozambique +258'),
(264, 'Namibia +264'),
(674, 'Nauru +674'),
(977, 'Nepal +977'),
(505, 'Nicaragua +505'),
(227, 'Níger +227'),
(234, 'Nigeria +234'),
(683, 'Niue +683'),
(47, 'Noruega +47'),
(687, 'Nueva Caledonia +687'),
(64, 'Nueva Zelanda +64'),
(968, 'Omán +968'),
(92, 'Pakistán +92'),
(680, 'Palau +680'),
(507, 'Panamá +507'),
(675, 'Papúa Nueva Guinea +675'),
(595, 'Paraguay +595'),
(51, 'Perú +51'),
(689, 'Polinesia Francesa +689'),
(48, 'Polonia +48'),
(351, 'Portugal +351'),
(1, 'Puerto Rico +1'),
(974, 'Qatar +974'),
(44, 'Reino Unido +44'),
(236, 'República Centroafricana +236'),
(420, 'República Checa +420'),
(211, 'República de Sudán del Sur +211'),
(242, 'República del Congo +242'),
(243, 'República Democrática del Congo +243'),
(1, 'República Dominicana +1'),
(262, 'Reunión +262'),
(250, 'Ruanda +250'),
(40, 'Rumanía +40'),
(7, 'Rusia +7'),
(685, 'Samoa +685'),
(1684, 'Samoa Americana +1 684'),
(590, 'San Bartolomé +590'),
(1, 'San Cristóbal y Nevis +1'),
(378, 'San Marino +378'),
(1599, 'San Martín +1 599'),
(508, 'San Pedro y Miquelón +508'),
(1, 'San Vicente y las Granadinas +1'),
(290, 'Santa Elena +290'),
(1, 'Santa Lucía +1'),
(239, 'Santo Tomé y Príncipe +239'),
(221, 'Senegal +221'),
(381, 'Serbia +381'),
(248, 'Seychelles +248'),
(232, 'Sierra Leona +232'),
(65, 'Singapur +65'),
(963, 'Siria +963'),
(252, 'Somalia +252'),
(94, 'Sri Lanka +94'),
(27, 'Sudáfrica +27'),
(249, 'Sudán +249'),
(46, 'Suecia +46'),
(41, 'Suiza +41'),
(597, 'Surinam +597'),
(268, 'Swazilandia +268'),
(66, 'Tailandia +66'),
(886, 'Taiwán +886'),
(255, 'Tanzania +255'),
(992, 'Tayikistán +992'),
(670, 'Timor Oriental +670'),
(228, 'Togo +228'),
(690, 'Tokelau +690'),
(1, 'Trinidad y Tobago +1'),
(216, 'Túnez +216'),
(993, 'Turkmenistán +993'),
(90, 'Turquía +90'),
(688, 'Tuvalu +688'),
(380, 'Ucrania +380'),
(256, 'Uganda +256'),
(598, 'Uruguay +598'),
(998, 'Uzbekistán +998'),
(678, 'Vanuatu +678');

-- --------------------------------------------------------

--
-- Estructura de tabla para la tabla `marca`
--

DROP TABLE IF EXISTS `marca`;
CREATE TABLE IF NOT EXISTS `marca` (
  `idmarca` int(11) NOT NULL AUTO_INCREMENT,
  `nombre` varchar(255) NOT NULL,
  `activo` int(1) NOT NULL DEFAULT '1',
  PRIMARY KEY (`idmarca`)
) ENGINE=MyISAM AUTO_INCREMENT=6 DEFAULT CHARSET=utf8;

--
-- Volcado de datos para la tabla `marca`
--

INSERT INTO `marca` (`idmarca`, `nombre`, `activo`) VALUES
(1, 'GNC', 1),
(2, 'Repevi', 1),
(3, 'D-tx Masst', 1),
(4, 'IFA - CELTICS', 1),
(5, 'Consumible', 1);

-- --------------------------------------------------------

--
-- Estructura de tabla para la tabla `medicamentos`
--

DROP TABLE IF EXISTS `medicamentos`;
CREATE TABLE IF NOT EXISTS `medicamentos` (
  `id` int(11) NOT NULL AUTO_INCREMENT,
  `nombre` varchar(255) NOT NULL,
  `sustancia` varchar(255) NOT NULL,
  PRIMARY KEY (`id`)
) ENGINE=MyISAM AUTO_INCREMENT=1216 DEFAULT CHARSET=utf8;

--
-- Volcado de datos para la tabla `medicamentos`
--

INSERT INTO `medicamentos` (`id`, `nombre`, `sustancia`) VALUES
(1, 'Acarbosa', 'Acarbosa'),
(2, 'Acetonido de Fluocinolona', 'Acetonido de Fluocinolona'),
(3, 'Soviclor', 'Aciclovir'),
(4, 'Lesaclor', 'Aciclovir'),
(5, 'Viroxil', 'Aciclovir'),
(6, 'Virestat', 'Aciclovir'),
(7, 'Lesaclor', 'Aciclovir'),
(8, 'Landvir', 'Aciclovir'),
(9, 'Maclov', 'Aciclovir'),
(10, 'Acido Acetilsalicilico', 'Acido Acetilsalicilico'),
(11, 'Tec-vital', 'Acido Ascorbico'),
(12, 'Oxital-C Forte', 'Acido Ascorbico'),
(13, 'Materfol', 'Acido Folico'),
(14, 'Ciclocid', 'Acido Folico'),
(15, 'Kamilon', 'Acido Nalidixico'),
(16, 'Fixodent genérico', 'Adhesivo dental'),
(17, 'Sebstopp', 'Alantoina - Clioquinol - Alquitran de Hulla'),
(18, 'Bruzol', 'Albendazol'),
(19, 'Perludil', 'Algestona - Estradiol'),
(20, 'Diviltac', 'Algestona - Estradiol'),
(21, 'Alosuan (Alder $34.25)', 'Alibour'),
(22, 'Puribel 300', 'Alopurinol'),
(23, 'Exhantil', 'Aluminio - Magnesio - Dimeticona'),
(24, 'Espraden', 'Aluminio - Magnesio - Dimeticona - Metoclopramida'),
(25, 'Viaxol', 'Ambroxol'),
(26, 'Brosolan', 'Ambroxol'),
(27, 'Oxolvan', 'Ambroxol'),
(28, 'Randex', 'Ambroxol'),
(29, 'Oxolvan', 'Ambroxol'),
(30, 'Oxolvan C', 'Ambroxol - Clenbuterol'),
(31, 'Fludexol-CL', 'Ambroxol - Clenbuterol'),
(32, 'Cobadex Infantil', 'Ambroxol - Dextrometorfano'),
(33, 'Brogal T Infantil', 'Ambroxol - Dextrometorfano'),
(34, 'Cobadex Infantil', 'Ambroxol - Dextrometorfano'),
(35, 'Brogal T', 'Ambroxol - Dextrometorfano'),
(36, 'Cobadex adulto', 'Ambroxol - Dextrometorfano'),
(37, 'Dizolvin Flux', 'Ambroxol-Levodropropizina'),
(38, 'Amk', 'Amikacina'),
(39, 'Amikacina', 'Amikacina'),
(40, 'Amlodipino', 'Amlodipino'),
(41, 'Preslopin (Tropad 191)', 'Amlodipino'),
(42, 'Gimalxina (Dimopen)', 'Amoxicicilina'),
(43, 'Clamoxin', 'Amoxicilina - Acido Clavulánico'),
(44, 'Clamoxin 12h Junior', 'Amoxicilina - Acido Clavulánico'),
(45, 'Clamoxin 12h Pediatrico', 'Amoxicilina - Acido Clavulánico'),
(46, 'Clamoxin 12h', 'Amoxicilina - Acido Clavulánico'),
(47, 'Clamoxin S', 'Amoxicilina - Acido Clavulánico'),
(48, 'Amoxicilina - Bromhexina', 'Amoxicilina - Bromhexina'),
(49, 'Bromixen', 'Amoxicilina - Bromhexina'),
(50, 'Ambidrin', 'Ampicilina'),
(51, 'Mexapin', 'Ampicilina'),
(52, 'Ampicilina', 'Ampicilina'),
(53, 'Pentiver', 'Ampicilina'),
(54, 'Ampicilina', 'Ampicilina'),
(55, 'Meprizina', 'Ampicilina'),
(56, 'Mexapin', 'Ampicilina'),
(57, 'Pentiver', 'Ampicilina'),
(58, 'Ampigrin Adulto', 'Ampicilina - Clorfenamina - Guaifenesina - Metamizol'),
(59, 'Anaferon', 'Anticuerpo afinopurificado al IFN gamma humano'),
(60, 'Anaferon infantil', 'Anticuerpo afinopurificado al IFN gamma humano'),
(61, 'Arnidol', 'Arnica'),
(62, 'Cali', 'Arnica'),
(63, 'Odivitor', 'Atorvastatina'),
(64, 'Atorvastatina', 'Atorvastatina'),
(65, 'Bacat', 'Atorvastatina'),
(66, 'Azitromicina', 'Azitromicina'),
(67, 'Azibiot', 'Azitromicina'),
(68, 'Charyn', 'Azitromicina'),
(69, 'Mizotryn', 'Azitromicina'),
(70, 'Samitrogen', 'Azitromicina'),
(71, 'Zertralin', 'Azitromicina'),
(72, 'Suaderm', 'Baño Coloide'),
(73, 'Dipropionato de Beclometasona', 'Beclometasona Dipropionato de'),
(74, 'Artroben', 'Bencidamina'),
(75, 'Beniflant', 'Bencidamina'),
(76, 'Camiden', 'Benzocaina'),
(77, 'Capsicof', 'Benzonatato'),
(78, 'Progelben', 'Benzonatato'),
(79, 'Texoven', 'Benzonatato'),
(80, 'Dermoval', 'Betametasona'),
(81, 'Erispan', 'Betametasona'),
(82, 'Barmicil', 'Betametasona - Clotrimazol - Gentamicina'),
(83, 'Gentrisol', 'Betametasona - Clotrimazol - Gentamicina'),
(84, 'Gelmicin', 'Betametasona - Clotrimazol - Gentamicina'),
(85, 'Nibezvag', 'Bezafibrato'),
(86, 'Redalip', 'Bezafibrato'),
(87, 'Bezafibrato', 'Bezafibrato'),
(88, 'Bonoste', 'Bicarbonato de potasio - Bitartrato de Potasio - Acido Citrico'),
(89, 'Mygra Bismuto', 'Bismuto Subnitrato'),
(90, 'Bromaxin', 'Bromhexina'),
(91, 'Normoflex', 'Bromhexina'),
(92, 'Normoflex Infantil', 'Bromhexina'),
(93, 'Bromhexin Infantil', 'Bromhexina'),
(94, 'Fhasabut', 'Budesonida'),
(95, 'Budesonida', 'Budesonida'),
(96, 'Biomesina', 'Butilhioscina'),
(97, 'Biomesina Compuesta', 'Butilhioscina - Metamizol'),
(98, 'Cabergolina', 'Cabergolina'),
(99, 'Trasgo', 'Cabergolina'),
(100, 'Calazin', 'Calamina'),
(101, 'Kalamyn', 'Calamina'),
(102, 'Calcio', 'Calcio'),
(103, 'Caltron', 'Calcio'),
(104, 'Caltron + D', 'Calcio + D'),
(105, 'Convifer', 'Calcio + Hierro'),
(106, 'Calcitriol', 'Calcitriol'),
(107, 'Altiver', 'Captopril'),
(108, 'Brucap', 'Captopril'),
(109, 'Captopril', 'Captopril'),
(110, 'Ear Wax Removal', 'Carbamida Peroxido'),
(111, 'Carbamazepina', 'Carbamazepina'),
(112, 'Fasiclor', 'Cefaclor'),
(113, 'Cefalver (Facelit 68)', 'Cefalexina'),
(114, 'Cefalver (Nixelaf 22.9)', 'Cefalexina'),
(115, 'Cefalver (Nixelaf 33)', 'Cefalexina'),
(116, 'Cefalver', 'Cefalexina'),
(117, 'Cepobrom', 'Cefalexina - Bromhexina'),
(118, 'Pimerzen', 'Cefepima'),
(119, 'Beneventol', 'Cefixima'),
(120, 'Cefotaxima', 'Cefotaxima'),
(121, 'Zidimasensi', 'Ceftazidima'),
(122, 'Trixona IM', 'Ceftriaxona'),
(123, 'Ceftriaxona', 'Ceftriaxona'),
(124, 'Trixona IM', 'Ceftriaxona'),
(125, 'Fucerox', 'Cefuroxima'),
(126, 'Cefagen', 'Cefuroxima'),
(127, 'Celecoxib', 'Celecoxib'),
(128, 'Celecoxib', 'Celecoxib'),
(129, 'Visertral', 'Cetirizina'),
(130, 'Cetirizina', 'Cetirizina'),
(131, 'Venoxil (Cyslev $43.83)', 'Cinarizina'),
(132, 'Cyslev', 'Cinarizina'),
(133, 'Xinida', 'Cinitaprida'),
(134, 'Kenzoflex', 'Ciprofloxacino'),
(135, 'Eufloxin (kenzoflex $23.75)', 'Ciprofloxacino'),
(136, 'Ciprofloxacino', 'Ciprofloxacino'),
(137, 'Phendex', 'Ciprofloxacino - Hidrocortisona - Lidocaína'),
(138, 'Nodrix', 'Cisaprida'),
(139, 'Presistin', 'Cisaprida'),
(140, 'Krobicin', 'Claritromicina'),
(141, 'Klarix (Vikrol $49.45)', 'Claritromicina'),
(142, 'Cigmadil', 'Clindamicina'),
(143, 'Dalatina', 'Clindamicina'),
(144, 'Clindamicina', 'Clindamicina'),
(145, 'Femitab', 'Clindamicina - Ketoconazol'),
(146, 'Loffymix', 'Clindamicina - Ketoconazol'),
(147, 'Clioquinol', 'Clioquinol'),
(148, 'Cortifung', 'Clioquinol'),
(149, 'Clonixinato de Lisina', 'Clonixinato de Lisina'),
(150, 'Vitelsin', 'Clonixinato de Lisina'),
(151, 'Lonixer', 'Clonixinato de Lisina'),
(152, 'Lonixer', 'Clonixinato de Lisina'),
(153, 'Deviplat', 'Clopidogrel'),
(154, 'Abefen', 'Cloranfenicol'),
(155, 'Lebrocetin', 'Cloranfenicol'),
(156, 'Fenicol', 'Cloranfenicol'),
(157, 'Cloranfenicol', 'Cloranfenicol'),
(158, 'Poral Otico', 'Cloranfenicol - Hidrocortisona - Benzocaina'),
(159, 'Blendox', 'Clorfenamina'),
(160, 'Cloten', 'Clorfenamina - Fenilefrina - Cafeína - Paracetamol'),
(161, 'KY6', 'Clorfenamina - Fenilefrina - Cafeína - Paracetamol'),
(162, 'Dequin', 'Clorfenamina - Fenilefrina - Guafenasina - Paracetamol'),
(163, 'Neopril', 'Clorfenamina - Fenilefrina - Guayacol - Dextrometorfano'),
(164, 'Coldaid', 'Clorfenamina - Fenilefrina - Paracetamol'),
(165, 'Verigrin-F', 'Clorfenamina - Amantadina - Paracetamol'),
(166, 'Rosel', 'Clorfenamina - Amantadina - Paracetamol'),
(167, 'Clorofix', 'Clorofila'),
(168, 'Clortalidona', 'Clortalidona'),
(169, 'Lubri-6', 'Cloruro de Benzalconio -Óxido de Zinc'),
(170, 'Clotrimazol v Dual', 'Clotrimazol'),
(171, 'Tenescan V (Euroderm $38 y Clotrimazol v $48.7)', 'Clotrimazol'),
(172, 'Colchicina', 'Colchicina'),
(173, 'Sixol', 'Colchicina'),
(174, 'Biotrivin', 'Complejo B'),
(175, 'Tribedoce', 'Complejo B - Diclofenaco'),
(176, 'Tribedoce Compuesto', 'Complejo B - Diclofenaco'),
(177, 'Tribedoce', 'Tiamina - Piridoxina - Cianocobalamina'),
(178, 'Tribedoce-DX', 'Complejo B - Dexametasona - Lidocaína'),
(179, 'Complejo B - Dexametasona - Lidocaína', 'Complejo B - Dexametasona - Lidocaína'),
(180, 'Tadocil', 'Desloratadina'),
(181, 'Desloratadina', 'Desloratadina'),
(182, 'Histapharm', 'Desloratadina'),
(183, 'Cryometasona', 'Dexametasona'),
(184, 'Dexametasona', 'Dexametasona'),
(185, 'Vericort', 'Dexametasona'),
(186, 'Cryometasona', 'Dexametasona'),
(187, 'Allefective', 'Dexametasona'),
(188, 'Bexine Nasal', 'Dexametasona - Neomicina - Fenilefrina'),
(189, 'Baby sons', 'Dexpantenol'),
(190, 'Pamedan', 'Dexpantenol'),
(191, 'Doxon', 'Dexketoprofeno'),
(192, 'Dextrometorfano', 'Dextrometorfano'),
(193, 'Epicol', 'Dextrometorfano - Guaifenesina'),
(194, 'Debequin C Adulto', 'Dextrometorfano - Guaifenesina'),
(195, 'Debequin C Infantil', 'Dextrometorfano - Guaifenesina'),
(196, 'Calaffler', 'Diclofenaco'),
(197, 'Atalak', 'Diclofenaco'),
(198, 'Volfenac', 'Diclofenaco'),
(199, 'Diclofenaco', 'Diclofenaco'),
(200, 'Mafena', 'Diclofenaco Dietilamonio'),
(201, 'Volfenac', 'Diclofenaco'),
(202, 'Doflatem', 'Diclofenaco'),
(203, 'Ormofen (Volfenac retard 28)', 'Diclofenaco'),
(204, 'Diclovith-B', 'Diclofenaco - Cianocobalamina - Piridoxina - Tiamina'),
(205, 'Tofel', 'Diclofenaco - Paracetamol'),
(206, 'Fortical Forte', 'Diclofenaco - Vitamina B'),
(207, 'Ormopen (Butimaxil $37.13)', 'Dicloxacilina'),
(208, 'Dicloxacilina', 'Dicloxacilina'),
(209, 'Butimaxil', 'Dicloxacilina'),
(210, 'Difenhidramina', 'Difenhidramina'),
(211, 'Indumir', 'Difenhidramina'),
(212, 'Difenhistat', 'Difenhidramina'),
(213, 'Difenhidramina', 'Difenhidramina'),
(214, 'Brudifen', 'Difenhidramina'),
(215, 'Normavom', 'Difenidol'),
(216, 'Difenidol', 'Difenidol'),
(217, 'Vidaxil', 'Digoxina'),
(218, 'Vomisin', 'Dimenhidrinato'),
(219, 'Groobe', 'Dimenhidrinato'),
(220, 'Dintrefergot', 'Dimeticona'),
(221, 'Circustat', 'Diosmina - Hespiridina'),
(222, 'Flausiver', 'Diosmina - Hespiridina'),
(223, 'Dison s Dex', 'Betametasona Dipropionato - Fosfato sódico de Betametasona'),
(224, 'Roxidolin', 'Doxiciclina'),
(225, 'Doxiciclina', 'Doxiciclina'),
(226, 'Periosan', 'Doxiciclina'),
(227, 'Electrolitos APO', 'Electrolitos'),
(228, 'Electrolitos APO', 'Electrolitos Natural'),
(229, 'Electrolitos APO', 'Electrolitos Manzana'),
(230, 'Adytenn', 'Enalapril'),
(231, 'Enalapril', 'Enalapril'),
(232, 'Bioerter', 'Eritromicina'),
(233, 'Eritrolat', 'Eritromicina'),
(234, 'Tropharma', 'Eritromicina'),
(235, 'Escitalopram', 'Escitalopram'),
(236, 'Espironolactona', 'Espironolactona'),
(237, 'Elrredin', 'Estrogenos Conjugados'),
(238, 'Minabron', 'Etoricoxib'),
(239, 'Filcos', 'Etoricoxib'),
(240, 'Exicort', 'Etoricoxib'),
(241, 'Ezetimiba - Simvastatina', 'Ezetimiba - Simvastatina'),
(242, 'Urezol', 'Fenazopiridina'),
(243, 'Azuron', 'Fenazopiridina - Acido Nalidixico'),
(244, 'Steryx', 'Finasterida'),
(245, 'Floroglucinol - Trimetilfloroglucionol', 'Floroglucinol - Trimetilfloroglucionol'),
(246, 'Fluatron', 'Fluconazol'),
(247, 'Cortifung Y', 'Fluocinolona - Clioquinol'),
(248, 'Gynoffler (Acenil $32.75)', 'Fluocinolona - Metronidazol - Nistatina'),
(249, 'Nysmosons', 'Fluocinolona - Metronidazol - Nistatina'),
(250, 'Cortifung N', 'Fluocinolona - Neomicina'),
(251, 'Axtin ', 'Fluoxetina'),
(252, 'Fluoxetina', 'Fluoxetina'),
(253, 'Fluoxetina', 'Fluoxetina'),
(254, 'Fumarato Ferroso - Acido Folico', 'Fumarato Ferroso - Acido Folico'),
(255, 'Klimyn (Biomisen $11.15)', 'Furosemida'),
(256, 'Furavitem', 'Furosemida'),
(257, 'Wermy', 'Gabapentina'),
(258, 'Gabapentina', 'Gabapentina'),
(259, 'Gabapentina', 'Gabapentina'),
(260, 'Genrex (Genkova)', 'Gentamicina'),
(261, 'Genrex (Genkova)', 'Gentamicina'),
(262, 'Gentamicina', 'Gentamicina'),
(263, 'Gentamicina', 'Gentamicina'),
(264, 'Gentamicina', 'Gentamicina'),
(265, 'Glibenclamida', 'Glibenclamida'),
(266, 'Brucen', 'Glibenclamida'),
(267, 'Zukedib', 'Glimepirida'),
(268, 'Zukedib', 'Glimepirida'),
(269, 'Flextrin', 'Glucosamina - Condroitina - Acido Ascorbico'),
(270, 'Guaxoquim', 'Guaifenesina - Citrato de oxolamina'),
(271, 'Guaxoquim', 'Guaifenesina - Citrato de oxolamina'),
(272, 'Sito-Grix', 'Hedera Helix'),
(273, 'Bionobal', 'Hidralazina'),
(274, 'Acortiz', 'Hidroclorotiazida'),
(275, 'Collicort', 'Hidrocortisona'),
(276, 'Hidroffen', 'Hidrocortisona'),
(277, 'Nositrol (Flebonadrol)', 'Hidrocortisona'),
(278, 'Hidroxin', 'Hidroxizina'),
(279, 'Hidroxizina', 'Hidroxizina'),
(280, 'Irondex', 'Hierro Dextran'),
(281, 'Himanix', 'Hidroxicloroquina'),
(282, 'Espafarm', 'Hioscina'),
(283, 'Hioscina', 'Hioscina'),
(284, 'Precicol', 'Hioscina - Paracetamol'),
(285, 'Hipromelosa', 'Hipromelosa'),
(286, 'Fidoin-Q', 'Ibuprofeno'),
(287, 'Dolprin', 'Ibuprofeno'),
(288, 'Algidol', 'Ibuprofeno'),
(289, 'Dolver', 'Ibuprofeno'),
(290, 'Viczen', 'Ibuprofeno'),
(291, 'Adopren', 'Ibuprofeno'),
(292, 'Dolver', 'Ibuprofeno'),
(293, 'Viczen', 'Ibuprofeno'),
(294, 'Ibuprofeno - Cafeina', 'Ibuprofeno - Cafeina'),
(295, 'Resmodin', 'Imiquimod'),
(296, 'Artaxol', 'Indometacina'),
(297, 'Biometacin', 'Indometacina'),
(298, 'Indanet', 'Indometacina'),
(299, 'Deximet', 'Indometacina'),
(300, 'Insulina Isofana Intermedia', 'Insulina Isofana Intermedia'),
(301, 'Wozulim R', 'Insulina Regular Rapida'),
(302, 'Ipratropio Bromuro', 'Ipratropio Bromuro'),
(303, 'Suantrolin', 'Ipratropio Bromuro'),
(304, 'Exbrunt', 'Ipratropio Bromuro'),
(305, 'Iprasuavelin', 'Ipratropio Bromuro - Salbutamol'),
(306, 'Lonvitol', 'Ipratropio Bromuro - Salbutamol'),
(307, 'Zolmic', 'Isoconazol'),
(308, 'Debisor', 'Isosorbida'),
(309, 'Rixtal', 'Itraconazol'),
(310, 'Zitriazol', 'Itraconazol'),
(311, 'Veridex', 'Ivermectina'),
(312, 'Ivermectina', 'Ivermectina'),
(313, 'Acorazol', 'Ketoconazol'),
(314, 'Tiniazol', 'Ketoconazol'),
(315, 'Ketowest', 'Ketoconazol'),
(316, 'Arthril', 'Ketoprofeno'),
(317, 'Dolfort - DE', 'Ketoprofeno - Paracetamol'),
(318, 'Mavidol', 'Ketorolaco'),
(319, 'Trevinal', 'Ketorolaco'),
(320, 'Mavidol (Voydol)', 'Ketorolaco'),
(321, 'Mavidol Sl', 'Ketorolaco'),
(322, 'Mavidol Tr', 'Ketorolaco - Tramadol'),
(323, 'Finlac', 'Ketorolaco - Trometamina'),
(324, 'Ketorolaco - Trometamina', 'Ketorolaco - Trometamina'),
(325, 'L-Ornitina L-Aspartato', 'L-Ornitina L-Aspartato'),
(326, 'Lactiv', 'Lactobacillus'),
(327, 'Lactiv Kids', 'Lactobacillus'),
(328, 'Lactiv SP', 'Lactobacillus'),
(329, 'Oppelver', 'Lactulosa'),
(330, 'Quimtulac', 'Lactulosa'),
(331, 'Bocetix', 'Levocetirizina'),
(332, 'Komzimba', 'Levocetirizina'),
(333, 'Levocetirizina', 'Levocetirizina'),
(334, 'Supratex', 'Levodropropizina'),
(335, 'Uniquin', 'Levofloxacino'),
(336, 'Proxsaflo', 'Levofloxacino'),
(337, 'Levonorgestrel', 'Levonorgestrel'),
(338, 'Levonorgestrel / etinilestradiol', 'Levonorgestrel - Etinilestradiol'),
(339, 'Levotiroxina Sódica', 'Levotiroxina Sódica'),
(340, 'Pisacaina', 'Lidocaina'),
(341, 'Librucaina', 'Lidocaina'),
(342, 'Pharmacaine', 'Lidocaina'),
(343, 'Sensipharma', 'Lidocaina'),
(344, 'Pisacaina 2% con Epinefrina', 'Lidocaina - Epinefrina'),
(345, 'Goodsit', 'Lidocaína - Hidrocortisona'),
(346, 'Zisual-C', 'Lidocaína - Hidrocortisona - Óxido de Zinc - Aluminio'),
(347, 'Lisonin', 'Lincomicina'),
(348, 'Lincomicina', 'Lincomicina'),
(349, 'Limidrax', 'Lincomicina'),
(350, 'Dosteril', 'Lisinopril'),
(351, 'Dilostop', 'Loperamida'),
(352, 'Laritol', 'Loratadina'),
(353, 'Lovarin', 'Loratadina'),
(354, 'Loratadina', 'Loratadina'),
(355, 'Laritol', 'Loratadina'),
(356, 'Laritol EX', 'Loratadina - Ambroxol'),
(357, 'Erispan Compuesto', 'Loratadina - Betametasona'),
(358, 'Tamex (Erispan Compuesto)', 'Loratadina - Betametasona'),
(359, 'Erispan Compuesto', 'Loratadina - Betametasona'),
(360, 'Laritol D', 'Loratadina - Fenilefrina'),
(361, 'Losartan', 'Losartan'),
(362, 'Alderan', 'Losartan'),
(363, 'Jomasar', 'Losartan'),
(364, 'Losartan - Hidroclorotiazida', 'Losartan - Hidroclorotiazida'),
(365, 'Galaver', 'Magaldrato - Dimeticona'),
(366, 'Bonazin', 'Meclizina-Piridoxina'),
(367, 'Vo-Remi', 'Meclizina-Piridoxina'),
(368, 'Auricam', 'Meloxicam'),
(369, 'Mavicam', 'Meloxicam'),
(370, 'Flexiver', 'Meloxicam'),
(371, 'Flexiver Compuesto (Retoflam F)', 'Meloxicam - Metocarbamol'),
(372, 'Flexiver Compuesto', 'Meloxicam - Metocarbamol'),
(373, 'Magnil', 'Metamizol Sódico'),
(374, 'Piromil', 'Metamizol Sódico'),
(375, 'Westepiron', 'Metamizol Sódico'),
(376, 'Farlin', 'Metamizol Sódico'),
(377, 'Pasmodil', 'Metamizol Sódico - Butilhioscina'),
(378, 'Dinamel (Glucibetina - T)', 'Metformina'),
(379, 'Metformina', 'Metformina'),
(380, 'Anglucid', 'Metformina'),
(381, 'Metformina', 'Metformina'),
(382, 'Metixor', 'Metformina'),
(383, 'Duo Anglucid', 'Metformina - Glibenclamida'),
(384, 'Maviglin', 'Metformina - Glibenclamida'),
(385, 'Acenovar', 'Metilprednisolona'),
(386, 'Metilprednisolona', 'Metilprednisolona'),
(387, 'Carbafen', 'Metocarbamol - Paracetamol'),
(388, 'Carbager Plus', 'Metocarbamol - Ibuprofeno'),
(389, 'Rumoquin NF', 'Metocarbamol - Indometacina - Betametasona'),
(390, 'Gigemet', 'Metoclopramida'),
(391, 'Pramotil', 'Metoclopramida'),
(392, 'Cirulan', 'Metoclopramida'),
(393, 'Dirpasid', 'Metoclopramida'),
(394, 'Metoclopramida', 'Metoclopramida'),
(395, 'Mezolol', 'Metoprolol'),
(396, 'Metoprolol', 'Metoprolol'),
(397, 'Nipresol', 'Metoprolol'),
(398, 'Prontol', 'Metoprolol'),
(399, 'Sermetrol', 'Metoprolol'),
(400, 'Metotrexato', 'Metotrexato'),
(401, 'Lamblit', 'Metronidazol'),
(402, 'Metronidazol', 'Metronidazol'),
(403, 'Flagosil 400', 'Metronidazol - Diyodohidroxiquinoleína'),
(404, 'Stomffler Plus', 'Metronidazol - Diyodohidroxiquinoleína'),
(405, 'Lecoder', 'Miconazol'),
(406, 'Nacomic', 'Miconazol'),
(407, 'Eucalin Adulto', 'Miel y Mezcla de Plantas'),
(408, 'Mometasona', 'Mometasona'),
(409, 'Mometasona Pediatrico', 'Mometasona'),
(410, 'Inhalst', 'Montelukast'),
(411, 'Valtrover', 'Montelukast'),
(412, 'Valtrover-M', 'Montelukast'),
(413, 'Miletic', 'Montelukast'),
(414, 'Montelukast', 'Montelukast'),
(415, 'Lafhalix', 'Multivitaminas'),
(416, 'Vitafusin Ped', 'Multivitaminas'),
(417, 'Beplenovax', 'Multivitaminas - Glucosa'),
(418, 'Berniver', 'Mupirocina'),
(419, 'Fazolin', 'Nafazolina'),
(420, 'Nafazolina', 'Nafazolina'),
(421, 'Fazolin F', 'Nafazolina - Feniramina'),
(422, 'Dolxen', 'Naproxeno'),
(423, 'Proxalin-S', 'Naproxeno'),
(424, 'Novaxen', 'Naproxeno'),
(425, 'Brupoxen', 'Naproxeno Sódico'),
(426, 'Flaxendol', 'Naproxeno Sódico'),
(427, 'Inflanox', 'Naproxeno Sódico'),
(428, 'Caridoxen', 'Carisoprodol - Naproxeno '),
(429, 'Lumboxen', 'Naproxeno - Lidocaina'),
(430, 'Proxalin Plus (Decosil $27.5)', 'Naproxeno - Paracetamol'),
(431, 'Brax', 'Naproxeno - Paracetamol'),
(432, 'Flaxenol', 'Naproxeno - Paracetamol'),
(433, 'Decosil', 'Naproxeno - Paracetamol'),
(434, 'Naproxeno - Paracetamol', 'Naproxeno - Paracetamol'),
(435, 'Neomicina - Caolin - Pectina', 'Neomicina - Caolin - Pectina'),
(436, 'Neokap-LF', 'Neomicina - Caolin - Pectina'),
(437, 'Gotadex', 'Dexametasona - Neomicina'),
(438, 'Kodakon', 'Dexametasona - Neomicina'),
(439, 'Dexne Nasal', 'Dexametasona - Neomicina - Fenilefrina'),
(440, 'Dexne Oftalmico', 'Dexametasona - Neomicina'),
(441, 'Dexne Otico', 'Dexametasona - Neomicina - Lidocaina'),
(442, 'Otilin', 'Neomicina - Lidocaína'),
(443, 'Neomicina - Polimixina B- Gramicidina', 'Neomicina - Polimixina B- Gramicidina'),
(444, 'Gelprim', 'Nifedipino'),
(445, 'Notinzalten', 'Nifedipino'),
(446, 'Nifedipino', 'Nifedipino'),
(447, 'Braxigort', 'Nifuroxazida'),
(448, 'Enterodar', 'Nifuroxazida'),
(449, 'Flamozin', 'Nimesulida'),
(450, 'Atiflan', 'Nimesulida'),
(451, 'Redaflam', 'Nimesulida'),
(452, 'Ul-Flam', 'Nimesulida'),
(453, 'Nistatina', 'Nistatina'),
(454, 'Mibesan-S', 'Nistatina'),
(455, 'Aponistan', 'Nistatina'),
(456, 'Macrofurin', 'Nitrofurantoína'),
(457, 'Prevepost', 'Noretisterona - Estradiol'),
(458, 'Frinver', 'Norfenefrina'),
(459, 'Norquinol', 'Norfloxacino'),
(460, 'Flosep (Ibacnol)', 'Ofloxacino'),
(461, 'Olanzapina', 'Olanzapina'),
(462, 'Omegan', 'Omega 3 - Vitamina C - Vitamina E'),
(463, 'Ozoken', 'Omeprazol'),
(464, 'Omygen', 'Omeprazol'),
(465, 'Mornin', 'Omeprazol'),
(466, 'Omeprazol', 'Omeprazol'),
(467, 'Ht-Bloc', 'Ondansetron'),
(468, 'Indansen', 'Ondansetron'),
(469, 'Nalisen (Setronalis)', 'Ondansetron'),
(470, 'Trondox', 'Ondansetron'),
(471, 'Dosartron', 'Ondansetron'),
(472, 'Vylkor', 'Ondansetron'),
(473, 'Demolex', 'Orlistat'),
(474, 'Oseltamivir', 'Oseltamivir'),
(475, 'Oseltamivir', 'Oseltamivir'),
(476, 'Naztril', 'Oximetazolina'),
(477, 'Tukson', 'Oxolamina'),
(478, 'Eccer', 'Pantoprazol'),
(479, 'Pantoprazol', 'Pantoprazol'),
(480, 'Panofen', 'Paracetamol'),
(481, 'Prosedal', 'Paracetamol'),
(482, 'Paracetamol', 'Paracetamol'),
(483, 'Piremol', 'Paracetamol'),
(484, 'Ac-Fast', 'Paracetamol'),
(485, 'Acetafen', 'Paracetamol'),
(486, 'Coriver', 'Paracetamol'),
(487, 'Exalver', 'Paracetamol - Fenilefrina - Dextrometorfano'),
(488, 'Exalver', 'Guaifenesina - Fenilefrina - Dextrometorfano'),
(489, 'Paroxetina', 'Paroxetina'),
(490, 'Ontracel', 'Paroxetina'),
(491, 'Pendiben Compuesto', 'Bencilpenicilina'),
(492, 'Benzatina Bencilpenicilina', 'Benzatina Bencilpenicilina'),
(493, 'Pendiben L-A', 'Benzatina Bencilpenicilina'),
(494, 'Penipot', 'Bencilpenicilina'),
(495, 'Penisodina', 'Bencilpenicilina'),
(496, 'Penipot', 'Bencilpenicilina'),
(497, 'Pota-vi-kin', 'Penicilina'),
(498, 'Distental', 'Pinaverio Bromuro'),
(499, 'Pinaverio', 'Pinaverio Bromuro'),
(500, 'Pentoxifilina', 'Pentoxifilina'),
(501, 'Nesajar', 'Pinaverio - Dimeticona'),
(502, 'Piojo-Mex Diolmex', 'Piojo D limoneno'),
(503, 'Brucam', 'Piroxicam'),
(504, 'Finalax', 'Plantago Psyllium'),
(505, 'Novagon', 'Plantago Psyllium'),
(506, 'Pravastatina', 'Pravastatina'),
(507, 'Prasiver', 'Pravastatina'),
(508, 'Nisolver', 'Prednisolona'),
(509, 'Norapred', 'Prednisona'),
(510, 'Nosipren', 'Prednisona'),
(511, 'Pregabalina', 'Pregabalina'),
(512, 'Bipalver', 'Pregabalina'),
(513, 'Gestrygen', 'Progesterona - Estradiol'),
(514, 'Oxal Infantil', 'Quinfamida - Albendazol'),
(515, 'Oxal Junior', 'Quinfamida - Albendazol'),
(516, 'Oxal', 'Quinfamida - Albendazol'),
(517, 'Farmiver Pediatrica', 'Quinfamida - Albendazol'),
(518, 'Farmiver Infantil', 'Quinfamida - Albendazol'),
(519, 'Farmiver Junior', 'Quinfamida - Albendazol'),
(520, 'Alvisver', 'Raloxifeno'),
(521, 'Venesden', 'Ramipril'),
(522, 'Ranitidina', 'Ranitidina'),
(523, 'Ulcevit', 'Ranitidina'),
(524, 'Ulgastrin', 'Ranitidina'),
(525, 'Retinol - Ergocalciferol', 'Retinol - Ergocalciferol'),
(526, 'Divotran', 'Rosuvastatina'),
(527, 'Equistat', 'Rosuvastatina'),
(528, 'Rosuvastatina', 'Rosuvastatina'),
(529, 'Salbutamol', 'Salbutamol'),
(530, 'Bresaltec (Assal $25.7)', 'Salbutamol'),
(531, 'Assal', 'Salbutamol'),
(532, 'Sofamix', 'Salbutamol'),
(533, 'Avedox FC', 'Salbutamol'),
(534, 'Exafil', 'Salbutamol'),
(535, 'Fluxol', 'Salbutamol - Ambroxol'),
(536, 'Bonoste', 'Sales de Potasio'),
(537, 'Efilat', 'Sales de Potasio'),
(538, 'Senosidos A-B', 'Senosidos A-B'),
(539, 'Laxacaps', 'Senosidos A-B y Ciruela'),
(540, 'Trakos', 'Sertralina'),
(541, 'Sildenafil', 'Sildenafil'),
(542, 'Figral', 'Sildenafil'),
(543, 'Byrmo', 'Silimarina'),
(544, 'Alivoato', 'Sucralfato'),
(545, 'Sucralfato', 'Sucralfato'),
(546, 'Sucralfato', 'Sucralfato'),
(547, 'Argental', 'Sulfadiazina de plata'),
(548, 'Mygra Sulfatiazol', 'Sulfatiazol'),
(549, 'Sulfatiazol', 'Sulfatiazol'),
(550, 'Magsokon', 'Sulfato de magnesio'),
(551, 'Sulfato de Zinc - Fenilefrina', 'Sulfato de Zinc - Fenilefrina'),
(552, 'Biofenor', 'Sulfato Ferroso'),
(553, 'Bio-Dac', 'Sulindaco'),
(554, 'Sulindaco', 'Sulindaco'),
(555, 'Femoxtal', 'Tamoxifeno'),
(556, 'Tamsulosina', 'Tamsulosina'),
(557, 'Telmisartan', 'Telmisartan'),
(558, 'Natrazim', 'Telmisartan'),
(559, 'Telmisartan', 'Telmisartan'),
(560, 'Telmisartan', 'Telmisartan'),
(561, 'Archer Compuesto', 'Telmisartan - Hidroclorotiazida'),
(562, 'Telmisartan - Hidroclorotiazida', 'Telmisartan - Hidroclorotiazida'),
(563, 'Pharmafil LP', 'Teofilina'),
(564, 'Teofilina', 'Teofilina'),
(565, 'Fedrimin', 'Teofilina - Ambroxol'),
(566, 'Hudiclor', 'Terbinafina'),
(567, 'Testoprim - D', 'Testosterona'),
(568, 'Guayatetra', 'Tetraciclina'),
(569, 'Guayatetra infantil', 'Tetraciclina'),
(570, 'Urovec', 'Tetraciclina - Fenazopiridina - Sulfametoxazol'),
(571, 'Contycol', 'Tobramicina'),
(572, 'Tobramicina', 'Tobramicina'),
(573, 'Tobramicina - Dexametasona', 'Tobramicina - Dexametasona'),
(574, 'Topiramato', 'Topiramato'),
(575, 'Veldrol', 'Tramadol'),
(576, 'Adiolol', 'Tramadol'),
(577, 'Tramadol', 'Tramadol'),
(578, 'Sanzadoll Duo', 'Tramadol - Paracetamol'),
(579, 'Espabion', 'Trimebutina'),
(580, 'Cineprac', 'Trimebutina'),
(581, 'Espabion', 'Trimebutina'),
(582, 'Trimebutina', 'Trimebutina'),
(583, 'Espabion', 'Trimebutina'),
(584, 'Soltrim (Bactiver $26, Bactroprin $21.45, Octiban $31)', 'Trimetoprima - Sulfametoxazol'),
(585, 'Ormoprim (Bactiver $22)', 'Trimetoprima - Sulfametoxazol'),
(586, 'Soltrim', 'Trimetoprima - Sulfametoxazol'),
(587, 'Bactiver-F', 'Trimetoprima - Sulfametoxazol'),
(588, 'Soltrim', 'Trimetoprima - Sulfametoxazol'),
(589, 'Trankitec-S', 'Valproato de Magnesio'),
(590, 'Valoudes', 'Valproato Semisódico'),
(591, 'Verapamilo', 'Verapamilo'),
(592, 'Hydrasor', 'Vida Suero Oral'),
(593, 'Ki-tapiox', 'Vinagre de Quassia'),
(594, 'Alcastan', 'Vitaminas'),
(595, 'Zimepin', 'Vitaminas'),
(596, 'Rosatil', 'Zinc (Óxido)'),
(597, 'Oxido de zinc', 'Zinc (Óxido)'),
(598, 'Dialgin', ''),
(599, 'Sutin', 'Zinc Compuesto (Óxido)'),
(600, 'Trechop', 'Diyidohidroxiquinoleina - Carbon vegetal - Furazolidona - Homatropina'),
(601, 'Vengesic', 'Dexametasona - Fenilbutazona - Metocarbamol - Aluminio'),
(602, 'Zolidime', 'Dexametasona - Fenilbutazona - Acido Acetilsalicilico - Aluminio'),
(603, 'Abatelenguas', 'Abatelenguas de Madera'),
(604, 'Accu-Check Performa', 'Tiras Reactivas'),
(605, 'Aceite de Coco', 'Aceite de Coco'),
(606, 'Agua Inyectable', 'Agua Inyectable'),
(607, 'Agua Oxigenada Jaloma', 'Agua Oxigenada 3%'),
(608, 'Agua Oxigenada', 'Agua Oxigenada'),
(609, 'Alcohol Etilico', 'Alcohol'),
(610, 'Alcohol Etilico Desnaturalizado', 'Alcohol'),
(611, 'Protec Plisado', 'Algodon'),
(612, 'Dalux', 'Algodon'),
(613, 'Antiseptico List Def/Dyenc', 'Antiseptico'),
(614, 'Antiseptico List Total-Car', 'Antiseptico'),
(615, 'Antiseptico List Ultraclean', 'Antiseptico'),
(616, 'Cali', 'Peine para piojos'),
(617, 'Cheklin Acero Inox', 'Peine para piojos'),
(618, 'Codera Elastica Unitalla', 'Algodón'),
(619, 'Codera Health & Care Elastica', ''),
(620, 'Collarin Cervical Actimove Chico', 'Collarín'),
(621, 'Collarin Cervical Actimove Mediano', 'Collarín'),
(622, 'Comodo Damaco', ''),
(623, 'Cubrebocas', 'Cubrebocas'),
(624, 'Ferula p/dedo', 'Metalica'),
(625, 'Flebotek Bayoneta', 'Microgotero'),
(626, 'Flebotek (EPV)', 'Normogotero'),
(627, 'Glucosa 50%', 'Glucosa'),
(628, 'Guantes', 'Guantes'),
(629, 'Guante Latex Mediano', 'Guante'),
(630, 'Guante Latex Grande', 'Guante'),
(631, 'Irrigador damaco plas completo', ''),
(632, 'Irrigador de plastico Edigar', 'Kit 5 piezas'),
(633, 'Jeringa 3 ml', 'Jeringa'),
(634, 'Jeringa 3 ml infantil', 'Jeringa'),
(635, 'Jeringa 5 ml', 'Jeringa'),
(636, 'Jeringa 10 ml', 'Jeringa'),
(637, 'Mforce', 'Preservativo'),
(638, 'Microporo', 'Cinta Microporo'),
(639, 'Microporo Leukoppiel', 'Cinta Microporo'),
(640, 'One Touch Select', 'Tiras Reactivas'),
(641, 'One Touch Select Plus', 'Tiras Reactivas'),
(642, 'One Touch Select Simple', 'Equipo'),
(643, 'Parche el gallo', 'Parche para callos'),
(644, 'Parche Ketoprofeno', 'Ketoprofeno'),
(645, 'Parche Leon Arnica', 'Parche'),
(646, 'Parche Leon Cadera', 'Parche'),
(647, 'Parche Negro Promedic', 'Salicilato de Metilo - Extracto de Belladona'),
(648, 'Parche Poroso', 'Salicilato de Metilo'),
(649, 'Medipiox Lendrera Chico', 'Peine para piojos'),
(650, 'Medipiox Lendrera Grande', 'Peine para piojos'),
(651, 'Vaselina', 'Vaselina'),
(652, 'Vaselina Nuvel Bebe', 'Vaselina'),
(653, 'Vaso Analisis', 'Plástico'),
(654, 'Yodo Jaloma', 'Yodo'),
(655, 'Solvin', 'Yodopovidona'),
(656, 'Ecodine - S', 'Yodopovidona'),
(657, 'Solvin Bucofaringeo', 'Yodopovidona'),
(658, 'Alcanfor Mygra', ''),
(659, 'Alergibon', 'Dermolimpiador'),
(660, 'Asepxia Azufre', ''),
(661, 'Asepxia Carbon', ''),
(662, 'Asepxia Exfol', ''),
(663, 'Asepxia Neutro', ''),
(664, 'Astringosol Advance Prot', 'Antiséptico'),
(665, 'Astringosol Cool', 'Antiséptico'),
(666, 'Astringosol FCA Prot', 'Antiséptico'),
(667, 'Baby Magic Mennen', 'Aceite para bebe'),
(668, 'Brill Wildroot 230', ''),
(669, 'Brill Wildroot 425', ''),
(670, 'Brut Classic Spray 48h', 'Desodorante'),
(671, 'Pro D-Dut 2x1 Med', ''),
(672, 'Pro limp trad 60 dur 162', ''),
(673, 'Cetaphil', 'Moisturizing Cream'),
(674, 'Clairol Basic', ''),
(675, 'Clarant B3 Ponds', ''),
(676, 'Cloruro de Sodio al .9%', 'Solución Fisiológica'),
(677, 'Concha Nacar', ''),
(678, 'Concha Nacar', ''),
(679, 'Contenedor RPBI', ''),
(680, 'Cre-C Max', ''),
(681, 'Cre-C Max Ant-Caida', ''),
(682, 'Dove go fresh spray', ''),
(683, 'Electrolit', 'Suero'),
(684, 'Electrolit Pediatrico', 'Suero'),
(685, 'Eter Perlas', ''),
(686, 'Motherfit', 'Faja Post Parto'),
(687, 'Flor de Naranja', ''),
(688, 'Gel Antibacterial', 'Gel Antibacterial'),
(689, 'Glicerina Jaloma Emol - Suav', 'Glicerina'),
(690, 'DiabetTX', ''),
(691, 'Hartmann', ''),
(692, 'Hinds Hid-Ext PSCA', ''),
(693, 'Hinds Insp RCA', ''),
(694, 'Hinds Rosa', ''),
(695, 'Lady Femm', 'Parche termico'),
(696, 'Lady Speed Stick Aerosol', ''),
(697, 'LetiAT4', 'Crema Facial'),
(698, 'Manzana Pomada Jaloma', ''),
(699, 'Meditest', 'Prueba de Embarazo'),
(700, 'Mennen Miel Manzanilla', ''),
(701, 'Mertodol Blanco ', 'Mertiolate'),
(702, 'Mertodol Rojo 31312', 'Mertiolate'),
(703, 'Moskit Out', 'Repelente de Mosquitos'),
(704, 'Mustela Bebe Facial', ''),
(705, 'Mustela Bebe Rozaduras', ''),
(706, 'Tiras Nasales', ''),
(707, 'Off Defense', 'Repelente de Mosquitos'),
(708, 'Off Family', 'Repelente de Mosquitos'),
(709, 'Oral-B Clas 40 Sve 185', ''),
(710, 'Oral-B Clas 40 Sve 185', ''),
(711, 'Oral-B Gde 60 Sve 263', ''),
(712, 'Parche negro belladona', ''),
(713, 'Pedialyte 45 Fresa', ''),
(714, 'Pedialyte 60 Manzana', ''),
(715, 'Pedialyte 60 Uva', ''),
(716, 'Peroxido Oxisuave Crema', 'Peroxido'),
(717, 'Pomada de la Campana', 'Tubo'),
(718, 'Protector Solar', 'FPS 50 + UVB'),
(719, 'Repelente de Insectos Jaloma', 'Citronela'),
(720, 'Selsun oro', 'Disulfuro de Selenio'),
(721, 'Siete Machos', ''),
(722, 'Solural', 'Fresa'),
(723, 'Solural', 'Manzana'),
(724, 'Solural', 'Uva'),
(725, 'Solural', 'Coco'),
(726, 'Solural', 'Durazno'),
(727, 'Solural', 'Fresa'),
(728, 'Solural', 'Lima - Limon'),
(729, 'Solural', 'Naranja - Mandarina'),
(730, 'Speed Stick', ''),
(731, 'Suerox', 'Electrolitos'),
(732, 'Tapones buenas noches para oidos', ''),
(733, 'Teatrical Celulas Madre', ''),
(734, 'Teatrical Lanolina 419', ''),
(735, 'Teatrical Lanolina Rosa 552', ''),
(736, 'Teatrical Rosa 245', ''),
(737, 'Teatrical Solidac/Lanolina 253', ''),
(738, 'Teatrical Solidac 277', ''),
(739, 'Tena', 'Pañales Adulto'),
(740, 'Terron de Magnesio', 'Carbonato de Magnesio'),
(741, 'Ting', ''),
(742, 'Violeta Genciana', 'Violeta'),
(743, 'Actron', 'Ibuprofeno'),
(744, 'Acxion', 'Fentermina'),
(745, 'Acxion AP', 'Fentermina'),
(746, 'Aderogyl C', 'Vitamina A, D y C'),
(747, 'Aderogyl C Inf', 'Vitamina A, D y C'),
(748, 'Advil', 'Ibuprofeno'),
(749, 'Advil Max', 'Ibuprofeno'),
(750, 'Afrin Adulto', 'Oximetazolina'),
(751, 'Afrin Lub Adulto', 'Oximetazolina'),
(752, 'Afrin Lub Infantil', 'Oximetazolina'),
(753, 'Agin', 'Acido Acetilsalicílico - Acido Ascórbico - Sulfadiazina'),
(754, 'Agrifen Parche', 'Eucalipto - Alcanfor'),
(755, 'Agrifen Parche Inf', 'Eucalipto - Alcanfor'),
(756, 'Akabar', 'Nifuroxazida'),
(757, 'Aldomet', 'Metildopa'),
(758, 'Alevian Duo', 'Bromuro de Pinaverio - Dimeticona'),
(759, 'Algitrin', 'Paracetamol - Ibuprofeno'),
(760, 'Alin', 'Dexametasona'),
(761, 'Alin Depot', 'Dexametasona'),
(762, 'Alin Nasal', 'Dexametasona - Neomicina - Fenilefrina'),
(763, 'Alin Oftálmico', 'Dexametasona - Neomicina'),
(764, 'Alliviax', 'Naproxeno'),
(765, 'Amobay', 'Amoxicilina'),
(766, 'Amoxibron', 'Amoxicilina - Bromhexina'),
(767, 'Amoxiclav', 'Amoxicilina-Acido Clavulánico'),
(768, 'Amoxiclav Bid', 'Amoxicilina - Acido Clavulánico'),
(769, 'Amoxil', 'Amoxicilina'),
(770, 'Amoxil 12h', 'Amoxicilina'),
(771, 'Analgen', 'Naproxeno Sódico'),
(772, 'Analgen cólicos', 'Naproxeno Sódico - Paracetamol'),
(773, 'Analgen fem', 'Naproxeno - Paracetamol - Pamabrom'),
(774, 'Analgen nf', 'Naproxeno - Lidocaina'),
(775, 'Anara', 'Picosulfato de sodio'),
(776, 'Andantol', 'Isotipendilo'),
(777, 'Anerex', 'Tiamina - Piridoxina - Cianocobalamina - Hierro'),
(778, 'Angiotrofin', 'Diltiazem'),
(779, 'Antiflu-Des', 'Amantadina - Clorfenamina - Paracetamol'),
(780, 'Antiflu-Des', 'Amantadina - Clorfenamina - Paracetamol'),
(781, 'Aralen', 'Cloroquina'),
(782, 'Arbistin Adulto', 'Carbocisteina'),
(783, 'Arbistin Pediatrico', 'Carbocisteina'),
(784, 'Ardosons', 'Indometacina - Betametasona - Metocarbamol'),
(785, 'Argentafil', 'Sulfadiazina de plata'),
(786, 'Cali', 'Arnica'),
(787, 'Arnica', 'Arnica'),
(788, 'Ascor', 'Norfenefrina'),
(789, 'Aspirina', 'Acido Acetilsalicílico'),
(790, 'Aspirina Efervescente', 'Acido Acetilsalicílico'),
(791, 'Aspirina Junior', 'Acido Acetilsalicílico'),
(792, 'Aspirina Protect', 'Acido Acetilsalicílico'),
(793, 'Atarax', 'Hidroxizina'),
(794, 'Atemperator', 'Valproato de Magnesio'),
(795, 'Atemperator LP', 'Valproato de Magnesio'),
(796, 'Avapena', 'Cloropiramina'),
(797, 'Azulfidina', 'Sulfasalazina'),
(798, 'Bactrim', 'Trimetoprima - Sulfametoxazol'),
(799, 'Bactrim F', 'Trimetoprima - Sulfametoxazol'),
(800, 'Bactroban', 'Mupirocina'),
(801, 'Baycuten', 'Clotrimazol - Dexametasona - Neomicina'),
(802, 'Bedoyecta', 'Complejo B - Acido Folico - Vitamina C - Rutina'),
(803, 'Bedoyecta Tri', 'Hidroxocobolamina - Tiamina - Piridoxina'),
(804, 'Bellafem plenitud', 'Calcio con isoflavonas'),
(805, 'Benadrex', 'Difenhidramina - Dextrometorfano'),
(806, 'Benadryl E', 'Difenhidramina - Guaifenesina'),
(807, 'Benedorm', 'Melatonina'),
(808, 'Benexol', 'Tiamina - Piridoxina - Cianocobalamina'),
(809, 'Bengue Bálsamo', 'Salcilato de metilo y mentol'),
(810, 'Benzal', ''),
(811, 'Bepanthen', 'Dexpanthenol'),
(812, 'Beriglobina P', 'Inmunoglobulina Humana Normal'),
(813, 'Binodian Depot', 'Prasterona - Estradiol'),
(814, 'Binotal', 'Ampicilina'),
(815, 'Bio Electro', 'Paracetamol - Acido Acetisalicílico - Cafeína'),
(816, 'Biometrix', 'Ginseng y Ginkco Biloba'),
(817, 'Bisolvon Adulto', 'Bromhexina'),
(818, 'Bolentax', 'Enoxaparina Sodica'),
(819, 'Bonadoxina', 'Meclizina-Piridoxina'),
(820, 'Broncolin', 'Miel - Extractos Herbales'),
(821, 'Broxol Plus', 'Ambroxol - Clenbuterol'),
(822, 'Bufigen', 'Nalbufina'),
(823, 'Buscapina', 'Butilhioscina'),
(824, 'Buscapina Compositum', 'Butilhioscina - Metamizol'),
(825, 'Cafiaspirina Forte', 'Acido Acetilsalicílico - Cafeína'),
(826, 'Caladryl', 'Calamina'),
(827, 'Calcigenol Doble', 'Fosfato de calcio'),
(828, 'Calmadolores Voam', ''),
(829, 'Caltrate 600 + D', 'Calcio'),
(830, 'Candiflux', 'Fluconazol'),
(831, 'Canesten V', 'Clotrimazol'),
(832, 'Capent', 'Cloruro de Benzalconio -Óxido de Zinc'),
(833, 'Carbotural', 'Carbón Vegetal Activado'),
(834, 'Cardispan', 'Levocarnitina'),
(835, 'Carnotprim', 'Metoclopramida'),
(836, 'Cataflam DD', 'Diclofenaco'),
(837, 'Celestamine NS', 'Loratadina - Betametasona'),
(838, 'Celestamine Ped', 'Loratadina - Betametasona'),
(839, 'Celestone Ped', 'Betametasona'),
(840, 'Celestone Soluspan', 'Betametasona'),
(841, 'Centrum', 'Vitamina'),
(842, 'Cerebro-Nervina', 'Potasio - Acido Fosforico - Valeriana - Sodio - Alcohol y Durazno'),
(843, 'Cialis', 'Tadalafil'),
(844, 'Cicloferon', 'Aciclovir'),
(845, 'Cicloferon Piel', 'Aciclovir'),
(846, 'Cicloferon Xtrm', 'Aciclovir - Lidocaina'),
(847, 'Ciprolisina', 'Ciproheptadina - Cianocobalamina'),
(848, 'Ciruelax', 'Cassia Angustifolia'),
(849, 'Clarityne', 'Loratadina'),
(850, 'Cloro Trimeton', 'Clorfenamina'),
(851, 'Combesteral', 'Complejo B - Dexametasona - Lidocaína'),
(852, 'Combivent', 'Bromuro de Ipatropio - Salbutamol'),
(853, 'Conazol', 'Ketoconazol'),
(854, 'Contac Ultra', 'Clorfenamina - Fenilefrina - Paracetamol'),
(855, 'Crisvi', 'Rosuvastatina'),
(856, 'Cuerpo Amarillo Fuerte', 'Progesterona'),
(857, 'Cyclofemina', 'Medroxiprogesterona - Estradiol'),
(858, 'Dabex', 'Metformina'),
(859, 'Dactil - OB', 'Piperidolato'),
(860, 'Daflon', 'Diosmina - Hespiridina'),
(861, 'Dafloxen-F', 'Naproxeno Sódico - Paracetamol'),
(862, 'Daktarin', 'Miconazol'),
(863, 'Dalacin C', 'Clindamicina'),
(864, 'Dalay', 'Melissa - Passiflora - Valeriana'),
(865, 'Deflox', 'Diclofenaco'),
(866, 'Depakene', 'Acido Valproico'),
(867, 'Depo Medrol', 'Metilprednisolona'),
(868, 'Depo Provera', 'Medroxiprogesterona'),
(869, 'Derman F1', 'Terfinadina'),
(870, 'Desenfriol D', 'Clorfenamina - Fenilefrina - Paracetamol'),
(871, 'Desenfriolito', 'Clorfenamina - Paracetamol'),
(872, 'Desenfriolito Plus', 'Clorfenamina - Fenilefrina - Paracetamol'),
(873, 'Dexabion', ''),
(874, 'Dextrevit', 'Multivitaminas'),
(875, 'Diane', 'Ciproterona - Etinilestradiol'),
(876, 'Dicetel', 'Bromuro de Pinaverio'),
(877, 'Dicynone', 'Etamsilato'),
(878, 'Dilacoran', 'Verapamilo'),
(879, 'Dila Tec', 'Hidralazina'),
(880, 'Dimacol Infantil Triple Acción', 'Guafenesina - Fenilefrina - Dextrometorfano'),
(881, 'Dimegan-D', 'Loratadina - Fenilefrina'),
(882, 'Dimetapp Infantil Uva', 'Bromfeniramina - Fenilefrina'),
(883, 'Dimetapp Pediátrico Uva', 'Bromfeniramina - Fenilefrina'),
(884, 'Diprospan', 'Betametasona'),
(885, 'Dolac', 'Ketorolaco'),
(886, 'Dolac 30', 'Ketorolaco'),
(887, 'Dolo Neurobion', 'Diclofenaco - Tiamina - Piridoxina - Cianocobalamina'),
(888, 'Dolo Neurobion Forte', 'Complejo B - Lidocaina - Diclofenaco'),
(889, 'Dolo Tiaminal', 'Cianocobalamina - Tiamina - Piridoxina - Metamizol Sodico'),
(890, 'Dorixina', 'Clonixinato de Lisina'),
(891, 'Dostein', 'Erdosteína'),
(892, 'Dramamine', 'Dimenhidrinato'),
(893, 'Duals Nordin', ''),
(894, 'Elevit', 'Vitaminas y Minerales'),
(895, 'Emergen C', 'Vitamina C'),
(896, 'Enaladil', 'Enalapril'),
(897, 'Enfamil 1 Premium', ''),
(898, 'Enfamil Sin Lactosa', ''),
(899, 'Enterogermina', 'Esporas de Bacillus Clausii'),
(900, 'Eskaflam', 'Nimesulida'),
(901, 'Espacil', 'Butilhioscina'),
(902, 'Espadiva', 'Hioscina - Ibuprofeno'),
(903, 'Espaven', 'Dimeticona'),
(904, 'Espaven Enzimatico', 'Simeticona - Pancreatina - Billis de Buey - Celulasa'),
(905, 'Estomaquil', 'Subsalicilato de Bismuto - Hidróxido de Magnesio - Carbonato de Calcio'),
(906, 'Etabus', 'Disulfiram'),
(907, 'Eucaliptine', 'Guayacol'),
(908, 'Eutirox', 'Levotiroxina Sódica'),
(909, 'Excedrin', 'Acido Acetilsalicilico - Paracetamol - Cafeina'),
(910, 'Excedrin', 'Acido Acetilsalicilico - Paracetamol - Cafeina'),
(911, 'Febrax', 'Naproxeno - Paracetamol'),
(912, 'Febrax', 'Naproxeno - Paracetamol'),
(913, 'Femme', 'Vitaminas'),
(914, 'Ferranina Folica', 'Hierro - Acido Folico'),
(915, 'Ferranina IM', 'Hierro'),
(916, 'Firac Plus', 'Clonixinato de Lisina - Clorhidrato de Pargeverina'),
(917, 'Fitoestimulina', 'Triticum vulgare - Fenoxietanol'),
(918, 'Fixodent', 'Adhesivo dental'),
(919, 'Fixodent Precision', 'Adhesivo dental'),
(920, 'Flagenase 400', 'Metronidazol - Diyodohidroxiquinoleina'),
(921, 'Flagenase V', 'Metronidazol'),
(922, 'Flagyl', 'Metronidazol'),
(923, 'Flanax', 'Naproxeno sódico'),
(924, 'Flanax Nocto', 'Naproxeno - Difenhidramina'),
(925, 'Flumil', 'Aminofenazona - Bufenina - Difenilpralina'),
(926, 'Frisolac Gold Comfort', ''),
(927, 'Gabirol', 'Rimantadina'),
(928, 'Galvus Met', 'Vildagliptina - Metformina'),
(929, 'Genoprazol', 'Omeprazol'),
(930, 'Genteal', 'Colirio'),
(931, 'Gestageno', 'Progesterona'),
(932, 'Glucobay', 'Ascarbosa'),
(933, 'Goicotabs', 'Aesculus Hippocastanum - Vitis vinifera - Centella asiatica'),
(934, 'Gotinal', 'Nafazolina'),
(935, 'Graneodin Frambuesa', 'Benzocaína'),
(936, 'Graneodin Menta Eucalipto', 'Benzocaína'),
(937, 'Graneodin Miel Limon', 'Benzocaína'),
(938, 'Hemosin K Oral', 'Carbazocromo - Bisulfito Sodico de Menadiona'),
(939, 'Herklin', 'Fenotrina'),
(940, 'Hi-dex', 'Hierro'),
(941, 'Histiacil Fam', 'Guafenesina - Oxolamina'),
(942, 'Histiacil Fam Inf', 'Guafenesina - Oxolamina'),
(943, 'Histiacil NF', 'Dextrometorfano - Ambroxol'),
(944, 'Histiacil NF Inf', 'Dextrometorfano - Ambroxol'),
(945, 'Humylub', 'Condroitina - Hialuronato'),
(946, 'Icy Hot', 'Mentol - Salicilato de metilo'),
(947, 'Iliadin Pediátrico', 'Oximetazolina'),
(948, 'Imodium', 'Loperamida'),
(949, 'Inderalici', 'Propranolol'),
(950, 'Indocid', 'Indometacina'),
(951, 'Insogen Plus', 'Metformina - Clorpropamida'),
(952, 'Iodex Cristal', ''),
(953, 'Isodine bucofaringeo', 'Iodopovidona'),
(954, 'Isorbid', 'Dinitrato de Isosorbide'),
(955, 'Italdermol', 'Triticum Vulgare'),
(956, 'Itravil Ifa', 'Clobenzorex'),
(957, 'Ivexterm', 'Ivermectina'),
(958, 'Janumet', 'Sitagliptina - Metformina'),
(959, 'Kaleolite', 'Cloruro de Potasio'),
(960, 'Kanka', 'Benzocaina'),
(961, 'Kaopectate', 'Neomicina - Caolin - Pectina'),
(962, 'Kedrop', 'Ketotifeno'),
(963, 'Keflex', 'Cefalexina'),
(964, 'Kiddi Pharmaton', 'Vitaminas y minerales con lisina'),
(965, 'Klaricid', 'Claritromicina'),
(966, 'Lacteol Fort', 'Lactobacillus'),
(967, 'Lactulax', 'Lactulosa'),
(968, 'Lamisil', 'Terbinafina'),
(969, 'Laxoberon', 'Picosulfato Sodico'),
(970, 'Lomexin', 'Fenticonazol'),
(971, 'Normex', 'Leche Magnesia'),
(972, 'Ledertrexate', 'Metrotexato'),
(973, 'Legalon', 'Silimarina'),
(974, 'Levocof', 'Levodropropizina'),
(975, 'Levofenil', 'Dexametasona - Cloranfenicol - Fenilefrina'),
(976, 'Libertrim LP', 'Trimebutina'),
(977, 'Libertrim SII', 'Trimebutina - Simeticona'),
(978, 'Libertrim Pediátrico', 'Trimebutina'),
(979, 'Libertrim SDP', 'Trimebutina - Simeticona'),
(980, 'Libonide', 'Budesonida'),
(981, 'LM6', 'Paracetamol - Clorfenamina'),
(982, 'Lodestar', 'Losartan'),
(983, 'Loxcell', 'Albendazol - Quinfamida'),
(984, 'Lombrix Duet Pediatrico', 'Mebendazol - Quinfamida'),
(985, 'Lombrix Duet Infantil', 'Mebendazol - Quinfamida'),
(986, 'Lombrix Duet', 'Mebendazol - Quinfamida'),
(987, 'Lomecan Duo', 'Clotrimazol'),
(988, 'Lomecan V', 'Clotrimazol'),
(989, 'Lomexin', 'Fenticonazol'),
(990, 'Lomotil', 'Loperamida'),
(991, 'Lonol Sport', 'Bencidamina - Mentol - Salicilato de Metilo'),
(992, 'Lotrimin', 'Clotrimazol'),
(993, 'Lotrimin AF', 'Miconazol'),
(994, 'Lotrimin-Uno', 'Bifonazol'),
(995, 'Loxonin', 'Loxoprofeno'),
(996, 'Lysomucil', 'Acetilcisteina'),
(997, 'Macmiror Complex V', 'Nifuratel / Nistatina'),
(998, 'Malival Compuesto', 'Indometacina - Metocarbamol'),
(999, 'Manzanilla Sophia', 'Manzanilla'),
(1000, 'Materna', 'Vitaminas y Minerales'),
(1001, 'Medicasp', 'Ketoconazol'),
(1002, 'Medipiox', 'Dimeticona - Ciclometicona'),
(1003, 'Mejoral', 'Paracetamol'),
(1004, 'Mejoralito', 'Paracetamol'),
(1005, 'Melox Plus Cereza/Menta', 'Aluminio - Magnesio - Dimeticona'),
(1006, 'Mesigyna', 'Noretisterona - Estradiol'),
(1007, 'Meticorten', 'Prednisona'),
(1008, 'Metrigen Fuerte', 'Progesterona - Benzoato de Estradiol'),
(1009, 'Miccil', 'Bumetanida'),
(1010, 'Microdacyn', 'Bucofaringeo'),
(1011, 'Microgynon CD', 'Levonorgestrel - Etinilestradiol'),
(1012, 'Microlax', 'Citrato de sodio - Lauril sulfoacetato de sodio'),
(1013, 'Mobtephip', 'Vitaminas y Minerales'),
(1014, 'Modusik A', 'Ciclosporina'),
(1015, 'Moments', 'Clomifeno'),
(1016, 'Motrin', 'Ibuprofeno'),
(1017, 'Motrin Retard', 'Ibuprofeno'),
(1018, 'Mucoangin', 'Ambroxol'),
(1019, 'Mucolin', 'Carbocisteina'),
(1020, 'Mucovibrol', 'Ambroxol'),
(1021, 'Mucovibrol C', 'Ambroxol - Clenbuterol'),
(1022, 'MVI', 'Multivitaminas'),
(1023, 'Mycelvan', 'Terbinafina'),
(1024, 'Nafluryl - Or', 'Flunarizina'),
(1025, 'Nan AR', ''),
(1026, 'Nan Sin Lactosa', ''),
(1027, 'Nartex', 'Nux Vomica'),
(1028, 'Nasalub Adulto', 'Cloruro de Sodio'),
(1029, 'Nasalub infantil', 'Cloruro de Sodio'),
(1030, 'Naxifelar Inf', 'Cefalexina Monohidratada'),
(1031, 'Nazil', 'Nafazolina'),
(1032, 'Nene Dent', 'Lidocaína - Polidocanol'),
(1033, 'Neo Melubrina', 'Metamizol Sódico'),
(1034, 'Neosporin', 'Neomicina - Bacitricina - Polimixina B'),
(1035, 'Neurobion DC', 'Tiamina - Piridoxina - Cianocobalamina'),
(1036, 'Neuroflax', 'Cobamamida - Teocolchicosido'),
(1037, 'Next', 'Paracetamol - Cafeína - Fenilefrina - Clorfenamina'),
(1038, 'Nikzon', 'Ruscus Aculeatus - Lactobacilus sporogenes - Acido ascórbico'),
(1039, 'Nootropil', 'Piracetam'),
(1040, 'Norboral', 'Glibenclamida'),
(1041, 'Nordet', 'Levonorgestrel - Etinilestradiol'),
(1042, 'Nordinet Adulto', 'Acido Acetilsalicilico - Fenacetina - Acetanilida - Cafeina'),
(1043, 'Norflex Plus', 'Paracetamol - Orfenadrina'),
(1044, 'Noristerat', 'Noretisterona'),
(1045, 'Norvas', 'Amlodipino'),
(1046, 'No-spa', 'Dotraverina'),
(1047, 'Novamil 1', 'Fórmula láctea'),
(1048, 'Novamil AC 1', 'Fórmula láctea'),
(1049, 'Novamil AE 1', 'Fórmula láctea con hierro'),
(1050, 'Novamil AE 2', 'Fórmula láctea con hierro'),
(1051, 'Nucleo CMP Forte', 'Citidin 5 monofosfato disodico - Uridin 5 trifosfato trisodico'),
(1052, 'Nulytely', 'Macrogol - Bicarbonato de Sodio - Cloruro de Sodio . Cloruro de Potasio'),
(1053, 'Olofcon', 'Olopatadina'),
(1054, 'Omifin', 'Clomifeno'),
(1055, 'Omnicef R', 'Cefdinir'),
(1056, 'Optifree', ''),
(1057, 'Baby Orajel', 'Simeticona'),
(1058, 'Panclasa', 'Floroglucinol - Metilfloroglucinol'),
(1059, 'Panoto S', 'Hedera Helix'),
(1060, 'Passiflorine', 'Passiflora incarnata - Salix alba'),
(1061, 'Pasta de Lassar', 'Oxido de Zinc'),
(1062, 'Patector', 'Algestona / Estradiol'),
(1063, 'Patector NF', 'Algestona / Estradiol'),
(1064, 'Penamox', 'Amoxicilina'),
(1065, 'Penamox M', 'Amoxicilina - Bromhexina'),
(1066, 'Pentrexyl', 'Ampicilina'),
(1067, 'Peptimax', 'Bismuto - Ranitidina'),
(1068, 'Pepto Bismol', 'Bismuto'),
(1069, 'Pepto Bismol Cereza', 'Bismuto'),
(1070, 'Pepto Bismol Plus', 'Bismuto'),
(1071, 'Pharmaton', 'Vitaminas'),
(1072, 'Pioklean', 'Gel repelente'),
(1073, 'Testalin-K', 'Gel repelente'),
(1074, 'Pioklean', 'Spray Repelente'),
(1075, 'Testalin-K', 'Shampoo para Piojos'),
(1076, 'Pioklean', 'Shampoo para Piojos'),
(1077, 'Pirimir', 'Fenazopiridina'),
(1078, 'Plaquenil', 'Hidroxicloroquina'),
(1079, 'Plidan Compuesto', 'Pargeverina/Clonixinato de Lisina'),
(1080, 'Podofilia #2', 'Resina de Podofilina'),
(1081, 'Poligrip', 'Adhesivo dental'),
(1082, 'Postday', 'Levonorgestrel'),
(1083, 'Pranosine', 'Metisoprinol'),
(1084, 'Premarin', 'Estrogenos Conjugados'),
(1085, 'Prindex Cof', 'Dextrometorfano - Fenilefrina - Clorfenamina - Paracetamol'),
(1086, 'Prindex Infantil', 'Fenilefrina - Clorfenamina - Paracetamol'),
(1087, 'Prindex Neo', 'Clorfenamina - Fenilefrina - Paracetamol'),
(1088, 'Prindex Neo', 'Clorfenamina - Fenilefrina - Paracetamol'),
(1089, 'Proctoacid', 'Policresuleno - Cincocaina'),
(1090, 'Procto-Glyvenol', 'Tribenosido - Lidocaina'),
(1091, 'Progyluton', 'Estradiol - Norgestrel'),
(1092, 'Provera', 'Medroxiprogesterona'),
(1093, 'Pulmicort', 'Budesonida'),
(1094, 'Pulmonaron', 'Lisados Bacterianos'),
(1095, 'QG5', 'Psidium Guajava'),
(1096, 'Quadriderm NF', 'Betametasona - Clotrimazol - Gentamicina'),
(1097, 'Radiance', 'Drospirenona - Etinilestradiol'),
(1098, 'Ranisen', 'Ranitidina'),
(1099, 'Rantudil Retard', 'Acemetacina'),
(1100, 'Recoveron N', 'Acido Acexamico - Neomicina'),
(1101, 'Redoxon Infantil', 'Acido Ascorbico'),
(1102, 'Redoxon Plus', 'Acido Ascorbico - Zinc'),
(1103, 'Redotex', ''),
(1104, 'Regenesis Max', 'Omega 3 - Acido Folico - Vitaminas y Minerales'),
(1105, 'Respicil Adulto', 'Bencilpenicilina - Metamizol Sodico'),
(1106, 'Reumophan', 'Clorzoxazona - Ketoprofeno'),
(1107, 'Rinofren', 'Clorfenamina - Paracetamol'),
(1108, 'Riopan', 'Magaldrato - Dimeticona'),
(1109, 'Rocainol', 'Salicilato de Metilo - Mentol'),
(1110, 'Rogastril', 'Cinitaprida'),
(1111, 'Salofalk', 'Mesalazina'),
(1112, 'Saridon', 'Paracetamol - Cafeína'),
(1113, 'Scabisan', 'Permetrina'),
(1114, 'Scabisan plus', 'Permetrina'),
(1115, 'Scott Emulsion Naranja', 'Calcio - Fosforo - Higado de Pescado - Vitamina A y D3'),
(1116, 'Sebryl', 'Alantoina - Clioquinol - Alquitran de Hulla'),
(1117, 'Sedalmerck', 'Paracetamol - Cafeína - Fenilefrina'),
(1118, 'Selvigon', 'Pipazetato'),
(1119, 'Senociclin Balsamico Ad', 'Lidocaina - Beta Hidroxipropilteofilina - Guayafenasina'),
(1120, 'Senokot Forte', 'Senosidos A-B'),
(1121, 'Senosiain Adulto', 'Glicerol'),
(1122, 'Senosiain Bebé', 'Glicerol'),
(1123, 'Senosiain Niño', 'Glicerol'),
(1124, 'Sensibit D', 'Loratadina - Fenilefrina - Paracetamol'),
(1125, 'Sensibit XP', 'Loratadina - Ambroxol'),
(1126, 'Septrin F', 'Sulfametoxazol / Trimetoprima'),
(1127, 'Severin NF', 'Nimesulida'),
(1128, 'Sibelium', 'Flunarizina'),
(1129, 'Silka Medic', 'Terbinafina'),
(1130, 'Simplex', 'Passiflora incarnata - Ignatia  amara - Valeriana Officinalis'),
(1131, 'Simplex-nite', 'Passiflora - Valeriana'),
(1132, 'Sin Pioj10', 'Dimeticona - Peine'),
(1133, 'Sinuberase', 'Esporas de Bacillus Clausii'),
(1134, 'Soldrin Oftalmico', 'Dexametasona - Neomicina'),
(1135, 'Soldrin Otico', 'Hidrocortisona - Cloranfenicol - Benzocaína'),
(1136, 'Solutina F', 'Feniramina - Nafazolina'),
(1137, 'Sterimar', 'Agua de mar'),
(1138, 'Sterimar Bebe', 'Agua de mar'),
(1139, 'Stugeron Forte', 'Cinarizina'),
(1140, 'Sub Z', 'Melatonina'),
(1141, 'Supra', 'Lidamidina'),
(1142, 'Supradol', 'Ketorolaco'),
(1143, 'Sydolil', 'Ergotamina - Cafeina - Acido Acetilsalicilico'),
(1144, 'Synalar Simple', 'Acetonido de Fluocinolona'),
(1145, 'Syncol', 'Paracetamol - Pamabrom - Pirilamina'),
(1146, 'Tabalon', 'Ibuprofeno'),
(1147, 'Tabcin', 'Acido Acetilsalicilico - Fenilefrenina - Clorfenamina'),
(1148, 'Tabcin Active', 'Paracetamol - Fenilefrina - Dextrometorfano - Clorfenamina'),
(1149, 'Tabcin Azul', 'Acido Acetilsalicilico - Fenilefrenina - Clorfenamina'),
(1150, 'Tabcin Noche', 'Paracetamol - Fenilefrina - Dextrometorfano - Doxilamina'),
(1151, 'Tafirol', 'Paracetamol'),
(1152, 'Tafirol AC', 'Paracetamol - Diclofenaco'),
(1153, 'Tafirol Flex', 'Paracetamol - Clorzoxazona'),
(1154, 'Tapazol', 'Tiamazol'),
(1155, 'Tempra', 'Paracetamol'),
(1156, 'Tempra 24hrs', 'Paracetamol - Fenilefrina - Carbinoxamina'),
(1157, 'Tempra Boost', 'Paracetamol - Cafeina'),
(1158, 'Tempra Forte', 'Paracetamol'),
(1159, 'Tempra Inf', 'Paracetamol'),
(1160, 'Terfamex', 'Fentermina'),
(1161, 'Terramicina', 'Oxitetraciclina'),
(1162, 'Terramicina Oftálmico', 'Oxitetraciclina - Polimixina B'),
(1163, 'Terramicina Trocisco', 'Oxitetraciclina'),
(1164, 'Tesacof Adulto', 'Bromhexina'),
(1165, 'Tesacof Inf', 'Bromhexina'),
(1166, 'Tesalon', 'Benzonatato'),
(1167, 'Theraflu Limon', 'Paracetamol - Feniramina - Fenilefrina'),
(1168, 'Theraflu Vap', 'Paracetamol - Fenilefrina'),
(1169, 'Thioctacid 600 HR', 'Acido Tioctivo'),
(1170, 'Topgran', 'Topiramato'),
(1171, 'Tradol Retard', 'Tramadol'),
(1172, 'Treda', 'Neomicina - Caolin - Pectina'),
(1173, 'Tukol D', 'Dextrometorfano - Guaifenesina'),
(1174, 'Tukol D infantil', 'Dextrometorfano - Guaifenesina'),
(1175, 'Tukol D Miel', 'Dextrometorfano - Guaifenesina'),
(1176, 'Tukol D Miel Infantil', 'Dextrometorfano - Guaifenesina'),
(1177, 'Tums', 'Carbonato de Calcio'),
(1178, 'Tusigen NF', 'Dextrometorfano - Ambroxol'),
(1179, 'Tusigen NF Infantil', 'Dextrometorfano - Ambroxol'),
(1180, 'Tylenol', 'Paracetamol'),
(1181, 'Tylex', 'Paracetamol'),
(1182, 'Vagitrol v', 'Fluocinolona - Metronidazol - Nistatina'),
(1183, 'Valvulan', 'Digoxina'),
(1184, 'Vantal', 'Bencidamina'),
(1185, 'Variton', 'Diosmina - Hespiridina'),
(1186, 'Venalot depot', 'Troxerutina - Cumarina'),
(1187, 'Venastat', 'Aesculus Hippocastanum'),
(1188, 'Ventolin', 'Salbutamol'),
(1189, 'Vermox', 'Mebendazol'),
(1190, 'Vermox Plus', 'Mebendazol - Quinfamida'),
(1191, 'Vibramicina', 'Doxiciclina'),
(1192, 'Vick', 'Guaifenesina - Dextrometorfano'),
(1193, 'Vick Baby Balm', 'Eucalipto - Manzanilla'),
(1194, 'Vick Drops', ''),
(1195, 'Vick Infantil', 'Guaifenesina'),
(1196, 'Vick Miel', 'Guaifenesina'),
(1197, 'Vick Pyrena', 'Paracetamol - Fenilefrina'),
(1198, 'Vick Vaporub', 'Alcanfor - Mentol'),
(1199, 'Vick Vaporub Eucalipto', 'Alcanfor - Mentol - Eucalipto'),
(1200, 'Vilona Pediatrica', 'Ribavirina'),
(1201, 'Visine extra', 'Tetrizolina - Polietilenglicol - Polividona - Dextran'),
(1202, 'Vita Pyrena', 'Paracetamol'),
(1203, 'Vitacilina', 'Neomicina - Retinol (Vitamina A)'),
(1204, 'Vitacilina Bebé', 'Acetato de Vitamina E'),
(1205, 'Viternum', 'Dihexazina'),
(1206, 'Voltaren Emulgel', 'Diclofenaco'),
(1207, 'Voltaren Dolo', 'Diclofenaco'),
(1208, 'Vontrol', 'Difenidol'),
(1209, 'Vontrol LP', 'Difenidol'),
(1210, 'XL3', 'Paracetamol - Fenilefrina - Clorfenamina'),
(1211, 'XL3 VR', 'Clorfenamina - Amantadina - Paracetamol');
INSERT INTO `medicamentos` (`id`, `nombre`, `sustancia`) VALUES
(1212, 'XL3 Xtra', 'Clorfenamina - Fenilefrina - Paracetamol-Dextrometorfano'),
(1213, 'X ray', 'Glucosamina - Vitamina C - Condroitina'),
(1214, 'ZeroPiojo', 'Para piojos con peine de acero'),
(1215, 'Zyplo', 'Levodropropizina');

-- --------------------------------------------------------

--
-- Estructura de tabla para la tabla `menu`
--

DROP TABLE IF EXISTS `menu`;
CREATE TABLE IF NOT EXISTS `menu` (
  `MenuId` int(11) NOT NULL AUTO_INCREMENT,
  `Nombre` varchar(45) DEFAULT NULL,
  `Icon` varchar(45) DEFAULT NULL,
  `orden` int(11) NOT NULL,
  PRIMARY KEY (`MenuId`)
) ENGINE=InnoDB AUTO_INCREMENT=5 DEFAULT CHARSET=latin1;

--
-- Volcado de datos para la tabla `menu`
--

INSERT INTO `menu` (`MenuId`, `Nombre`, `Icon`, `orden`) VALUES
(1, 'Control Interno', 'icon-speedometer', 2),
(2, 'Catálogos', 'fa fa-list-alt', 3),
(3, 'Administrador\n', 'fa fa-lock', 4),
(4, 'Consultas', 'fa fa-list-alt', 1);

-- --------------------------------------------------------

--
-- Estructura de tabla para la tabla `menu_sub`
--

DROP TABLE IF EXISTS `menu_sub`;
CREATE TABLE IF NOT EXISTS `menu_sub` (
  `MenusubId` int(11) NOT NULL AUTO_INCREMENT,
  `MenuId` int(11) NOT NULL,
  `Nombre` varchar(50) DEFAULT NULL,
  `Pagina` varchar(120) DEFAULT NULL,
  `Icon` varchar(45) DEFAULT NULL,
  `orden` int(11) NOT NULL,
  PRIMARY KEY (`MenusubId`),
  KEY `fk_menu_sub_menu_idx` (`MenuId`)
) ENGINE=InnoDB AUTO_INCREMENT=17 DEFAULT CHARSET=latin1;

--
-- Volcado de datos para la tabla `menu_sub`
--

INSERT INTO `menu_sub` (`MenusubId`, `MenuId`, `Nombre`, `Pagina`, `Icon`, `orden`) VALUES
(1, 0, 'Agenda', 'Agenda', 'fas fa-address-book', 1),
(2, 0, 'Lista de Pacientes', 'Inicio', 'icon-people', 2),
(3, 0, 'Notificaciones', 'Notificaciones', 'fa fa-bell', 3),
(4, 0, 'Tutoriales', 'Tutoriales', 'fab fa-youtube-square', 4),
(5, 0, 'Retroalimentación', 'Retroalimentacion', 'fas fa-comment-alt', 5),
(6, 0, 'Estadisticas', 'Estadisticas', 'fas fa-chart-bar', 6),
(7, 0, 'Pagos', 'Pagos', 'fas fa-dollar-sign', 7),
(8, 0, 'Registro Paciente', 'Paciente', 'far fa-id-badge', 8),
(9, 0, 'Ajustes', 'Ajustes', 'fa fa-cog', 9),
(10, 0, 'Configuracion', 'Configuracion', 'fa fa-cogs', 12),
(11, 0, 'Empleados', 'Empleados', 'fas fa-user-md', 6),
(12, 0, 'Productos', 'Productos', 'fas fa-briefcase-medical', 7),
(13, 0, 'Proveedores', 'Proveedores', 'fas fa-users', 9),
(14, 0, 'Ventas', 'Ventas', 'fas fa-capsules', 10),
(15, 0, 'Reportes', 'Reportes', 'fas fa-book', 11),
(16, 0, 'Servicios', 'Servicios', 'ti-headphone-alt', 11);

-- --------------------------------------------------------

--
-- Estructura de tabla para la tabla `orden_estudio`
--

DROP TABLE IF EXISTS `orden_estudio`;
CREATE TABLE IF NOT EXISTS `orden_estudio` (
  `idorden` bigint(20) NOT NULL AUTO_INCREMENT,
  `idconsulta` bigint(20) NOT NULL,
  `recomendar` varchar(10) NOT NULL,
  `nombre_laboratorio` text NOT NULL,
  `direccion` varchar(255) NOT NULL,
  `telefono` varchar(50) NOT NULL,
  `observaciones` text NOT NULL,
  `incluir` varchar(10) NOT NULL,
  `diagnostico` varchar(255) NOT NULL,
  `activo` int(1) NOT NULL DEFAULT '1',
  PRIMARY KEY (`idorden`)
) ENGINE=MyISAM DEFAULT CHARSET=utf8;

-- --------------------------------------------------------

--
-- Estructura de tabla para la tabla `orden_estudio_laboratorio`
--

DROP TABLE IF EXISTS `orden_estudio_laboratorio`;
CREATE TABLE IF NOT EXISTS `orden_estudio_laboratorio` (
  `idlaboratorio` bigint(20) NOT NULL AUTO_INCREMENT,
  `idorden` bigint(20) NOT NULL,
  `detalles` text NOT NULL,
  `activo` int(1) NOT NULL DEFAULT '1',
  PRIMARY KEY (`idlaboratorio`)
) ENGINE=MyISAM DEFAULT CHARSET=utf8;

-- --------------------------------------------------------

--
-- Estructura de tabla para la tabla `orden_hospital`
--

DROP TABLE IF EXISTS `orden_hospital`;
CREATE TABLE IF NOT EXISTS `orden_hospital` (
  `idorden_hospital` bigint(20) NOT NULL AUTO_INCREMENT,
  `idconsulta` bigint(20) NOT NULL,
  `detalles` text NOT NULL,
  `activo` int(1) NOT NULL DEFAULT '1',
  PRIMARY KEY (`idorden_hospital`)
) ENGINE=MyISAM DEFAULT CHARSET=utf8;

-- --------------------------------------------------------

--
-- Estructura de tabla para la tabla `orden_justificante_medico`
--

DROP TABLE IF EXISTS `orden_justificante_medico`;
CREATE TABLE IF NOT EXISTS `orden_justificante_medico` (
  `idjustificante` bigint(20) NOT NULL AUTO_INCREMENT,
  `idconsulta` bigint(20) NOT NULL,
  `detalles` text NOT NULL,
  `activo` int(1) NOT NULL DEFAULT '1',
  PRIMARY KEY (`idjustificante`)
) ENGINE=MyISAM DEFAULT CHARSET=utf8;

-- --------------------------------------------------------

--
-- Estructura de tabla para la tabla `orden_libre`
--

DROP TABLE IF EXISTS `orden_libre`;
CREATE TABLE IF NOT EXISTS `orden_libre` (
  `idorden` bigint(1) NOT NULL AUTO_INCREMENT,
  `idconsulta` bigint(20) NOT NULL,
  `detalles` text NOT NULL,
  `activo` int(1) NOT NULL DEFAULT '1',
  PRIMARY KEY (`idorden`)
) ENGINE=MyISAM DEFAULT CHARSET=utf8;

-- --------------------------------------------------------

--
-- Estructura de tabla para la tabla `pacientes`
--

DROP TABLE IF EXISTS `pacientes`;
CREATE TABLE IF NOT EXISTS `pacientes` (
  `idpaciente` int(11) NOT NULL AUTO_INCREMENT,
  `personalId` int(11) NOT NULL,
  `nombre` varchar(100) NOT NULL,
  `apll_paterno` varchar(100) NOT NULL,
  `apll_materno` varchar(100) NOT NULL,
  `fecha_nacimiento` date NOT NULL,
  `sexo` int(11) NOT NULL,
  `correo` text NOT NULL,
  `correo2` text,
  `celular` bigint(20) NOT NULL,
  `casa` bigint(20) NOT NULL,
  `oficina` bigint(20) NOT NULL,
  `direccion` text NOT NULL,
  `estado_civil` int(11) NOT NULL,
  `nota` text NOT NULL,
  `ocupacion` text NOT NULL,
  `pais` int(11) NOT NULL,
  `num_expediente` text NOT NULL,
  `doc` varchar(255) NOT NULL,
  `doc_firma` varchar(255) NOT NULL,
  `fecha_doc` date DEFAULT NULL,
  `check_acepta` varchar(2) NOT NULL,
  `acepto_firma` varchar(2) NOT NULL,
  `utilicen_datos` varchar(2) NOT NULL,
  `foto` varchar(255) NOT NULL,
  `tipo` int(11) NOT NULL,
  `reg` datetime NOT NULL,
  `ultima_consulta` date DEFAULT NULL,
  `activo` int(11) NOT NULL DEFAULT '1',
  PRIMARY KEY (`idpaciente`)
) ENGINE=InnoDB AUTO_INCREMENT=4 DEFAULT CHARSET=utf8;

--
-- Volcado de datos para la tabla `pacientes`
--

INSERT INTO `pacientes` (`idpaciente`, `personalId`, `nombre`, `apll_paterno`, `apll_materno`, `fecha_nacimiento`, `sexo`, `correo`, `correo2`, `celular`, `casa`, `oficina`, `direccion`, `estado_civil`, `nota`, `ocupacion`, `pais`, `num_expediente`, `doc`, `doc_firma`, `fecha_doc`, `check_acepta`, `acepto_firma`, `utilicen_datos`, `foto`, `tipo`, `reg`, `ultima_consulta`, `activo`) VALUES
(1, 1, 'prueba 2', 'prueba', 'Perez', '1998-02-23', 1, '', '', 0, 0, 0, '', 0, '', '', 0, '', '', '', NULL, '1', '', '', '', 1, '2021-01-07 13:42:19', NULL, 1),
(2, 1, 'das', 'asd', 'dasd', '2021-01-20', 1, 'rwe@gmail.com', NULL, 4234234234, 0, 0, '', 0, '', '', 0, '', '', '', NULL, '', '', '', '', 1, '2021-01-20 10:58:31', '2021-01-22', 1),
(3, 1, 'Raúl', 'Martínez', 'Trujeque', '0000-00-00', 1, '', '', 0, 0, 0, '', 0, '', '', 0, '', '', '', NULL, '1', '', '', '', 1, '2021-01-21 15:59:08', '2021-01-28', 1);

-- --------------------------------------------------------

--
-- Estructura de tabla para la tabla `paciente_acompanante`
--

DROP TABLE IF EXISTS `paciente_acompanante`;
CREATE TABLE IF NOT EXISTS `paciente_acompanante` (
  `idacompanante` int(11) NOT NULL AUTO_INCREMENT,
  `idpaciente` int(11) NOT NULL,
  `nombre` varchar(255) NOT NULL,
  `apll_paterno` varchar(255) NOT NULL,
  `apll_materno` varchar(255) NOT NULL,
  `relacion` int(11) NOT NULL,
  `correo` varchar(255) NOT NULL,
  `fecha_nacimiento` date NOT NULL,
  `celular` varchar(20) NOT NULL,
  `casa` varchar(20) NOT NULL,
  `oficina` varchar(20) NOT NULL,
  `direccion` text NOT NULL,
  `estado_civil` int(11) NOT NULL,
  `nota` text NOT NULL,
  `ocupacion` varchar(255) NOT NULL,
  `foto` varchar(255) NOT NULL,
  `activo` int(1) NOT NULL DEFAULT '1',
  PRIMARY KEY (`idacompanante`)
) ENGINE=MyISAM DEFAULT CHARSET=utf8;

-- --------------------------------------------------------

--
-- Estructura de tabla para la tabla `paciente_facturacion`
--

DROP TABLE IF EXISTS `paciente_facturacion`;
CREATE TABLE IF NOT EXISTS `paciente_facturacion` (
  `idfactura` int(11) NOT NULL AUTO_INCREMENT,
  `idpaciente` int(11) NOT NULL,
  `razon_social` varchar(200) NOT NULL,
  `rfc` varchar(100) NOT NULL,
  `correo` text NOT NULL,
  `calle` varchar(200) NOT NULL,
  `num_ext` int(11) NOT NULL,
  `num_int` int(11) NOT NULL,
  `colonia` varchar(200) NOT NULL,
  `ciudad` varchar(200) NOT NULL,
  `estado` varchar(200) NOT NULL,
  `codigopostal` int(11) NOT NULL,
  PRIMARY KEY (`idfactura`)
) ENGINE=InnoDB DEFAULT CHARSET=utf8;

-- --------------------------------------------------------

--
-- Estructura de tabla para la tabla `paciente_historiaclinica`
--

DROP TABLE IF EXISTS `paciente_historiaclinica`;
CREATE TABLE IF NOT EXISTS `paciente_historiaclinica` (
  `idclinica` int(11) NOT NULL AUTO_INCREMENT,
  `idpaciente_medico` int(11) NOT NULL,
  `diabetes_mellitus` text NOT NULL,
  `cancer` text NOT NULL,
  `hipertension` text NOT NULL,
  `antecedente` text NOT NULL,
  `ingesta` text NOT NULL,
  `cirugia` text NOT NULL,
  `enfermedades` text NOT NULL,
  `transfucion` text NOT NULL,
  `hepatitisa` varchar(10) NOT NULL,
  `hepatitisb` varchar(10) NOT NULL,
  `hepatitisc` varchar(10) NOT NULL,
  `diabetes_mellitus2` text NOT NULL,
  `hipertension_arterial` text NOT NULL,
  `tabaquismo` text NOT NULL,
  `bebida_alcoholica_semana` int(11) NOT NULL,
  `bebida_alcoholica_copas_dia` int(11) NOT NULL,
  `bebida_alcoholica` text NOT NULL,
  `consumo_drogas` text NOT NULL,
  `realiza_ejercicio` text NOT NULL,
  `menarca` int(11) NOT NULL,
  `partos` int(11) NOT NULL,
  `cesareas` int(11) NOT NULL,
  `abortos` int(11) NOT NULL,
  `obitos` int(11) NOT NULL,
  `ectopicos` int(11) NOT NULL,
  `fecha_ultima_gestion` date DEFAULT NULL,
  `gestion` text NOT NULL,
  `duracion` int(11) NOT NULL,
  `frecuencia` int(11) NOT NULL,
  `ciclos_mestruales` text NOT NULL,
  `anticonceptivos` text NOT NULL,
  `edad_dejo_reglar` int(11) NOT NULL,
  `sintomas_clima` text NOT NULL,
  `terapia_hormonal` text NOT NULL,
  `fecha_regla` date NOT NULL,
  `edad_gestacion` int(11) NOT NULL,
  `fecha_parto` date NOT NULL,
  `trimestre` text NOT NULL,
  `interrogatorio` text NOT NULL,
  PRIMARY KEY (`idclinica`)
) ENGINE=InnoDB DEFAULT CHARSET=utf8;

-- --------------------------------------------------------

--
-- Estructura de tabla para la tabla `paciente_relevante`
--

DROP TABLE IF EXISTS `paciente_relevante`;
CREATE TABLE IF NOT EXISTS `paciente_relevante` (
  `idrelevante` int(11) NOT NULL AUTO_INCREMENT,
  `idpaciente_medico` int(11) NOT NULL,
  `antecedentes` text NOT NULL,
  `alergias` text NOT NULL,
  `refiere` text NOT NULL,
  `motivo` text NOT NULL,
  `observaciones` text NOT NULL,
  `check_negadas` varchar(10) NOT NULL,
  PRIMARY KEY (`idrelevante`)
) ENGINE=InnoDB DEFAULT CHARSET=utf8;

-- --------------------------------------------------------

--
-- Estructura de tabla para la tabla `pagos_paciente`
--

DROP TABLE IF EXISTS `pagos_paciente`;
CREATE TABLE IF NOT EXISTS `pagos_paciente` (
  `idpagos_paciente` bigint(20) NOT NULL AUTO_INCREMENT,
  `idpaciente` int(11) NOT NULL,
  `personalId` int(11) NOT NULL,
  `fecha_pago` date NOT NULL,
  `metodo_pago` int(11) NOT NULL,
  `factura` varchar(5) NOT NULL,
  `activo` int(1) NOT NULL DEFAULT '1',
  PRIMARY KEY (`idpagos_paciente`)
) ENGINE=MyISAM DEFAULT CHARSET=utf8;

-- --------------------------------------------------------

--
-- Estructura de tabla para la tabla `pagos_paciente_detalle`
--

DROP TABLE IF EXISTS `pagos_paciente_detalle`;
CREATE TABLE IF NOT EXISTS `pagos_paciente_detalle` (
  `idpagos_paciente_detalle` bigint(20) NOT NULL AUTO_INCREMENT,
  `idpagos_paciente` bigint(20) NOT NULL,
  `tipo_servicio` int(11) NOT NULL,
  `monto` float NOT NULL,
  `notas` text NOT NULL,
  `activo` int(1) NOT NULL DEFAULT '1',
  PRIMARY KEY (`idpagos_paciente_detalle`)
) ENGINE=MyISAM DEFAULT CHARSET=utf8;

-- --------------------------------------------------------

--
-- Estructura de tabla para la tabla `paises`
--

DROP TABLE IF EXISTS `paises`;
CREATE TABLE IF NOT EXISTS `paises` (
  `idpaises` int(11) NOT NULL AUTO_INCREMENT,
  `codigo` varchar(2) NOT NULL,
  `pais` varchar(100) NOT NULL,
  PRIMARY KEY (`idpaises`)
) ENGINE=InnoDB AUTO_INCREMENT=252 DEFAULT CHARSET=utf8;

--
-- Volcado de datos para la tabla `paises`
--

INSERT INTO `paises` (`idpaises`, `codigo`, `pais`) VALUES
(1, 'AU', 'Australia'),
(2, 'CN', 'China'),
(3, 'JP', 'Japan'),
(4, 'TH', 'Thailand'),
(5, 'IN', 'India'),
(6, 'MY', 'Malaysia'),
(7, 'KR', 'Kore'),
(8, 'HK', 'Hong Kong'),
(9, 'TW', 'Taiwan'),
(10, 'PH', 'Philippines'),
(11, 'VN', 'Vietnam'),
(12, 'FR', 'France'),
(13, 'EU', 'Europe'),
(14, 'DE', 'Germany'),
(15, 'SE', 'Sweden'),
(16, 'IT', 'Italy'),
(17, 'GR', 'Greece'),
(18, 'ES', 'Spain'),
(19, 'AT', 'Austria'),
(20, 'GB', 'United Kingdom'),
(21, 'NL', 'Netherlands'),
(22, 'BE', 'Belgium'),
(23, 'CH', 'Switzerland'),
(24, 'AE', 'United Arab Emirates'),
(25, 'IL', 'Israel'),
(26, 'UA', 'Ukraine'),
(27, 'RU', 'Russian Federation'),
(28, 'KZ', 'Kazakhstan'),
(29, 'PT', 'Portugal'),
(30, 'SA', 'Saudi Arabia'),
(31, 'DK', 'Denmark'),
(32, 'IR', 'Ira'),
(33, 'NO', 'Norway'),
(34, 'US', 'United States'),
(35, 'MX', 'Mexico'),
(36, 'CA', 'Canada'),
(37, 'A1', 'Anonymous Proxy'),
(38, 'SY', 'Syrian Arab Republic'),
(39, 'CY', 'Cyprus'),
(40, 'CZ', 'Czech Republic'),
(41, 'IQ', 'Iraq'),
(42, 'TR', 'Turkey'),
(43, 'RO', 'Romania'),
(44, 'LB', 'Lebanon'),
(45, 'HU', 'Hungary'),
(46, 'GE', 'Georgia'),
(47, 'BR', 'Brazil'),
(48, 'AZ', 'Azerbaijan'),
(49, 'A2', 'Satellite Provider'),
(50, 'PS', 'Palestinian Territory'),
(51, 'LT', 'Lithuania'),
(52, 'OM', 'Oman'),
(53, 'SK', 'Slovakia'),
(54, 'RS', 'Serbia'),
(55, 'FI', 'Finland'),
(56, 'IS', 'Iceland'),
(57, 'BG', 'Bulgaria'),
(58, 'SI', 'Slovenia'),
(59, 'MD', 'Moldov'),
(60, 'MK', 'Macedonia'),
(61, 'LI', 'Liechtenstein'),
(62, 'JE', 'Jersey'),
(63, 'PL', 'Poland'),
(64, 'HR', 'Croatia'),
(65, 'BA', 'Bosnia and Herzegovina'),
(66, 'EE', 'Estonia'),
(67, 'LV', 'Latvia'),
(68, 'JO', 'Jordan'),
(69, 'KG', 'Kyrgyzstan'),
(70, 'RE', 'Reunion'),
(71, 'IE', 'Ireland'),
(72, 'LY', 'Libya'),
(73, 'LU', 'Luxembourg'),
(74, 'AM', 'Armenia'),
(75, 'VG', 'Virgin Island'),
(76, 'YE', 'Yemen'),
(77, 'BY', 'Belarus'),
(78, 'GI', 'Gibraltar'),
(79, 'MQ', 'Martinique'),
(80, 'PA', 'Panama'),
(81, 'DO', 'Dominican Republic'),
(82, 'GU', 'Guam'),
(83, 'PR', 'Puerto Rico'),
(84, 'VI', 'Virgin Island'),
(85, 'MN', 'Mongolia'),
(86, 'NZ', 'New Zealand'),
(87, 'SG', 'Singapore'),
(88, 'ID', 'Indonesia'),
(89, 'NP', 'Nepal'),
(90, 'PG', 'Papua New Guinea'),
(91, 'PK', 'Pakistan'),
(92, 'AP', 'Asia/Pacific Region'),
(93, 'BS', 'Bahamas'),
(94, 'LC', 'Saint Lucia'),
(95, 'AR', 'Argentina'),
(96, 'BD', 'Bangladesh'),
(97, 'TK', 'Tokelau'),
(98, 'KH', 'Cambodia'),
(99, 'MO', 'Macau'),
(100, 'MV', 'Maldives'),
(101, 'AF', 'Afghanistan'),
(102, 'NC', 'New Caledonia'),
(103, 'FJ', 'Fiji'),
(104, 'WF', 'Wallis and Futuna'),
(105, 'QA', 'Qatar'),
(106, 'AL', 'Albania'),
(107, 'BZ', 'Belize'),
(108, 'UZ', 'Uzbekistan'),
(109, 'KW', 'Kuwait'),
(110, 'ME', 'Montenegro'),
(111, 'PE', 'Peru'),
(112, 'BM', 'Bermuda'),
(113, 'CW', 'Curacao'),
(114, 'CO', 'Colombia'),
(115, 'VE', 'Venezuela'),
(116, 'CL', 'Chile'),
(117, 'EC', 'Ecuador'),
(118, 'ZA', 'South Africa'),
(119, 'IM', 'Isle of Man'),
(120, 'BO', 'Bolivia'),
(121, 'GG', 'Guernsey'),
(122, 'MT', 'Malta'),
(123, 'TJ', 'Tajikistan'),
(124, 'SC', 'Seychelles'),
(125, 'BH', 'Bahrain'),
(126, 'EG', 'Egypt'),
(127, 'ZW', 'Zimbabwe'),
(128, 'LR', 'Liberia'),
(129, 'KE', 'Kenya'),
(130, 'GH', 'Ghana'),
(131, 'NG', 'Nigeria'),
(132, 'TZ', 'Tanzani'),
(133, 'ZM', 'Zambia'),
(134, 'MG', 'Madagascar'),
(135, 'AO', 'Angola'),
(136, 'NA', 'Namibia'),
(137, 'CI', 'Cote D\'Ivoire'),
(138, 'SD', 'Sudan'),
(139, 'CM', 'Cameroon'),
(140, 'MW', 'Malawi'),
(141, 'GA', 'Gabon'),
(142, 'ML', 'Mali'),
(143, 'BJ', 'Benin'),
(144, 'TD', 'Chad'),
(145, 'BW', 'Botswana'),
(146, 'CV', 'Cape Verde'),
(147, 'RW', 'Rwanda'),
(148, 'CG', 'Congo'),
(149, 'UG', 'Uganda'),
(150, 'MZ', 'Mozambique'),
(151, 'GM', 'Gambia'),
(152, 'LS', 'Lesotho'),
(153, 'MU', 'Mauritius'),
(154, 'MA', 'Morocco'),
(155, 'DZ', 'Algeria'),
(156, 'GN', 'Guinea'),
(157, 'CD', 'Cong'),
(158, 'SZ', 'Swaziland'),
(159, 'BF', 'Burkina Faso'),
(160, 'SL', 'Sierra Leone'),
(161, 'SO', 'Somalia'),
(162, 'NE', 'Niger'),
(163, 'CF', 'Central African Republic'),
(164, 'TG', 'Togo'),
(165, 'BI', 'Burundi'),
(166, 'GQ', 'Equatorial Guinea'),
(167, 'SS', 'South Sudan'),
(168, 'SN', 'Senegal'),
(169, 'MR', 'Mauritania'),
(170, 'DJ', 'Djibouti'),
(171, 'KM', 'Comoros'),
(172, 'IO', 'British Indian Ocean Territory'),
(173, 'TN', 'Tunisia'),
(174, 'GL', 'Greenland'),
(175, 'VA', 'Holy See (Vatican City State)'),
(176, 'CR', 'Costa Rica'),
(177, 'KY', 'Cayman Islands'),
(178, 'JM', 'Jamaica'),
(179, 'GT', 'Guatemala'),
(180, 'MH', 'Marshall Islands'),
(181, 'AQ', 'Antarctica'),
(182, 'BB', 'Barbados'),
(183, 'AW', 'Aruba'),
(184, 'MC', 'Monaco'),
(185, 'AI', 'Anguilla'),
(186, 'KN', 'Saint Kitts and Nevis'),
(187, 'GD', 'Grenada'),
(188, 'PY', 'Paraguay'),
(189, 'MS', 'Montserrat'),
(190, 'TC', 'Turks and Caicos Islands'),
(191, 'AG', 'Antigua and Barbuda'),
(192, 'TV', 'Tuvalu'),
(193, 'PF', 'French Polynesia'),
(194, 'SB', 'Solomon Islands'),
(195, 'VU', 'Vanuatu'),
(196, 'ER', 'Eritrea'),
(197, 'TT', 'Trinidad and Tobago'),
(198, 'AD', 'Andorra'),
(199, 'HT', 'Haiti'),
(200, 'SH', 'Saint Helena'),
(201, 'FM', 'Micronesi'),
(202, 'SV', 'El Salvador'),
(203, 'HN', 'Honduras'),
(204, 'UY', 'Uruguay'),
(205, 'LK', 'Sri Lanka'),
(206, 'EH', 'Western Sahara'),
(207, 'CX', 'Christmas Island'),
(208, 'WS', 'Samoa'),
(209, 'SR', 'Suriname'),
(210, 'CK', 'Cook Islands'),
(211, 'KI', 'Kiribati'),
(212, 'NU', 'Niue'),
(213, 'TO', 'Tonga'),
(214, 'TF', 'French Southern Territories'),
(215, 'YT', 'Mayotte'),
(216, 'NF', 'Norfolk Island'),
(217, 'BN', 'Brunei Darussalam'),
(218, 'TM', 'Turkmenistan'),
(219, 'PN', 'Pitcairn Islands'),
(220, 'SM', 'San Marino'),
(221, 'AX', 'Aland Islands'),
(222, 'FO', 'Faroe Islands'),
(223, 'SJ', 'Svalbard and Jan Mayen'),
(224, 'CC', 'Cocos (Keeling) Islands'),
(225, 'NR', 'Nauru'),
(226, 'GS', 'South Georgia and the South Sandwich Islands'),
(227, 'UM', 'United States Minor Outlying Islands'),
(228, 'GW', 'Guinea-Bissau'),
(229, 'PW', 'Palau'),
(230, 'AS', 'American Samoa'),
(231, 'BT', 'Bhutan'),
(232, 'GF', 'French Guiana'),
(233, 'GP', 'Guadeloupe'),
(234, 'MF', 'Saint Martin'),
(235, 'VC', 'Saint Vincent and the Grenadines'),
(236, 'PM', 'Saint Pierre and Miquelon'),
(237, 'BL', 'Saint Barthelemy'),
(238, 'DM', 'Dominica'),
(239, 'ST', 'Sao Tome and Principe'),
(240, 'KP', 'Kore'),
(241, 'FK', 'Falkland Islands (Malvinas)'),
(242, 'MP', 'Northern Mariana Islands'),
(243, 'TL', 'Timor-Leste'),
(244, 'BQ', 'Bonair'),
(245, 'MM', 'Myanmar'),
(246, 'NI', 'Nicaragua'),
(247, 'SX', 'Sint Maarten (Dutch part)'),
(248, 'GY', 'Guyana'),
(249, 'LA', 'Lao People\'s Democratic Republic'),
(250, 'CU', 'Cuba'),
(251, 'ET', 'Ethiopia');

-- --------------------------------------------------------

--
-- Estructura de tabla para la tabla `perfiles`
--

DROP TABLE IF EXISTS `perfiles`;
CREATE TABLE IF NOT EXISTS `perfiles` (
  `perfilId` int(11) NOT NULL AUTO_INCREMENT,
  `nombre` varchar(45) DEFAULT NULL,
  `estatus` int(11) NOT NULL DEFAULT '1',
  PRIMARY KEY (`perfilId`)
) ENGINE=InnoDB AUTO_INCREMENT=4 DEFAULT CHARSET=latin1;

--
-- Volcado de datos para la tabla `perfiles`
--

INSERT INTO `perfiles` (`perfilId`, `nombre`, `estatus`) VALUES
(1, 'Medico', 1),
(2, 'Recepción', 1),
(3, 'Apoyo Médico', 1);

-- --------------------------------------------------------

--
-- Estructura de tabla para la tabla `perfiles_detalles`
--

DROP TABLE IF EXISTS `perfiles_detalles`;
CREATE TABLE IF NOT EXISTS `perfiles_detalles` (
  `Perfil_detalleId` int(11) NOT NULL AUTO_INCREMENT,
  `perfilId` int(11) NOT NULL,
  `MenusubId` int(11) NOT NULL,
  PRIMARY KEY (`Perfil_detalleId`),
  KEY `fk_Perfiles_detalles_Perfiles1_idx` (`perfilId`),
  KEY `fk_Perfiles_detalles_menu_sub1_idx` (`MenusubId`)
) ENGINE=InnoDB AUTO_INCREMENT=25 DEFAULT CHARSET=latin1;

--
-- Volcado de datos para la tabla `perfiles_detalles`
--

INSERT INTO `perfiles_detalles` (`Perfil_detalleId`, `perfilId`, `MenusubId`) VALUES
(1, 1, 1),
(2, 1, 2),
(6, 1, 6),
(10, 1, 10),
(11, 2, 1),
(12, 2, 2),
(13, 3, 1),
(14, 3, 2),
(15, 2, 6),
(16, 2, 10),
(17, 3, 6),
(18, 3, 10),
(19, 1, 11),
(20, 1, 12),
(21, 1, 13),
(23, 1, 15),
(24, 1, 16);

-- --------------------------------------------------------

--
-- Estructura de tabla para la tabla `personal`
--

DROP TABLE IF EXISTS `personal`;
CREATE TABLE IF NOT EXISTS `personal` (
  `personalId` int(11) NOT NULL AUTO_INCREMENT,
  `nombre` varchar(300) NOT NULL,
  `fechanacimiento` date NOT NULL,
  `sexo` int(1) NOT NULL,
  `domicilio` varchar(500) NOT NULL,
  `estado` int(11) NOT NULL,
  `telefono` varchar(15) NOT NULL,
  `celular` varchar(15) NOT NULL,
  `tel_oficina` varchar(15) NOT NULL,
  `correo` varchar(50) NOT NULL,
  `fechaingreso` date NOT NULL,
  `check_baja` varchar(2) NOT NULL,
  `fechabaja` date NOT NULL,
  `motivo` text NOT NULL,
  `sueldo` decimal(10,2) NOT NULL,
  `observaciones` text NOT NULL,
  `ocupacion` text NOT NULL,
  `estado_civil` int(1) NOT NULL,
  `foto` varchar(255) NOT NULL,
  `estatus` int(1) NOT NULL DEFAULT '1' COMMENT '1 visible 0 eliminado',
  `reg` datetime DEFAULT NULL,
  PRIMARY KEY (`personalId`)
) ENGINE=InnoDB AUTO_INCREMENT=5 DEFAULT CHARSET=utf8 ROW_FORMAT=COMPACT;

--
-- Volcado de datos para la tabla `personal`
--

INSERT INTO `personal` (`personalId`, `nombre`, `fechanacimiento`, `sexo`, `domicilio`, `estado`, `telefono`, `celular`, `tel_oficina`, `correo`, `fechaingreso`, `check_baja`, `fechabaja`, `motivo`, `sueldo`, `observaciones`, `ocupacion`, `estado_civil`, `foto`, `estatus`, `reg`) VALUES
(1, 'Karla Coello M', '2021-01-14', 1, '', 0, '', '2228340563', '', 'a@gmail.com', '2021-01-12', '', '2021-01-12', '', '0.00', '', '', 0, '', 1, NULL),
(2, 'prueba 1', '2021-01-07', 1, '', 0, '', '', '', '', '0000-00-00', 'on', '2021-01-07', 'eee', '0.00', '', '', 0, '', 1, '2021-01-07 11:25:27'),
(3, 'prueba 2', '2021-01-29', 2, 'av patito', 0, '23424234', '4234234234', '4234234', 'rwe@gmail.com', '2021-01-07', 'on', '2021-01-08', 'werewew\r\ndasd\r\nasdsd\r\ndasd\r\ndasd\r\ndasd\r\ndasd', '213123.00', 'adssd', 'fsdfdfdf', 5, 'doc_210120-110826img.PNG', 1, '2021-01-07 11:26:31'),
(4, 'José Luis Peralta', '1990-02-01', 1, 'Av', 0, '556668686', '240132323', '234568788', 'jose@patito', '2021-01-07', '', '0000-00-00', '', '5000.00', 'Prueba', 'Adoctologo', 1, '', 0, '2021-01-07 14:02:55');

-- --------------------------------------------------------

--
-- Estructura de tabla para la tabla `personal_asistente`
--

DROP TABLE IF EXISTS `personal_asistente`;
CREATE TABLE IF NOT EXISTS `personal_asistente` (
  `asitenteId` int(11) NOT NULL AUTO_INCREMENT,
  `personalId` int(11) NOT NULL,
  `nombre` varchar(200) NOT NULL,
  `foto` varchar(255) NOT NULL,
  `activo` int(1) NOT NULL DEFAULT '1',
  PRIMARY KEY (`asitenteId`)
) ENGINE=MyISAM AUTO_INCREMENT=3 DEFAULT CHARSET=utf8;

--
-- Volcado de datos para la tabla `personal_asistente`
--

INSERT INTO `personal_asistente` (`asitenteId`, `personalId`, `nombre`, `foto`, `activo`) VALUES
(1, 1, 'Rece', '', 1),
(2, 1, 'Apoyo', '', 1);

-- --------------------------------------------------------

--
-- Estructura de tabla para la tabla `productos`
--

DROP TABLE IF EXISTS `productos`;
CREATE TABLE IF NOT EXISTS `productos` (
  `idproducto` int(11) NOT NULL AUTO_INCREMENT,
  `descriccion` text NOT NULL,
  `producto` varchar(255) NOT NULL,
  `codigo` varchar(100) NOT NULL,
  `tipo` int(11) NOT NULL,
  `categoria` int(11) NOT NULL,
  `marca` int(11) NOT NULL,
  `observaciones` text NOT NULL,
  `compra` decimal(17,2) NOT NULL,
  `clinica` decimal(17,2) NOT NULL,
  `mayoreo` decimal(17,2) NOT NULL,
  `foto` varchar(255) NOT NULL,
  `activo` int(1) NOT NULL DEFAULT '1',
  `reg` datetime NOT NULL,
  PRIMARY KEY (`idproducto`)
) ENGINE=MyISAM AUTO_INCREMENT=4 DEFAULT CHARSET=utf8;

--
-- Volcado de datos para la tabla `productos`
--

INSERT INTO `productos` (`idproducto`, `descriccion`, `producto`, `codigo`, `tipo`, `categoria`, `marca`, `observaciones`, `compra`, `clinica`, `mayoreo`, `foto`, `activo`, `reg`) VALUES
(1, 'Caja roja', 'Contac', 'wertyui', 1, 3, 1, '45678', '234.00', '234.00', '552.00', 'doc_210112-100700contac.jpg', 0, '2021-01-12 10:07:00'),
(2, 'pomada', 'Patito', '2344234', 1, 3, 3, 'negra', '10.00', '40.00', '45.00', '', 1, '2021-01-14 15:48:18'),
(3, 'sdsdfs', 'medicina', 'hz6bjs8km3', 1, 2, 2, 'fff', '100.00', '110.00', '90.00', '', 1, '2021-01-25 17:29:12');

-- --------------------------------------------------------

--
-- Estructura de tabla para la tabla `productos_almacen`
--

DROP TABLE IF EXISTS `productos_almacen`;
CREATE TABLE IF NOT EXISTS `productos_almacen` (
  `idalmacen` int(11) NOT NULL AUTO_INCREMENT,
  `idproducto` int(11) NOT NULL,
  `cantidad` int(11) NOT NULL,
  `stock` int(11) NOT NULL,
  `lote` varchar(255) NOT NULL,
  `fecha_registro` date NOT NULL,
  `fecha_caducidad` date NOT NULL,
  `proveedor` int(11) NOT NULL,
  `activo` int(1) NOT NULL DEFAULT '1',
  `alerta` int(1) NOT NULL DEFAULT '1',
  `reg` datetime NOT NULL,
  PRIMARY KEY (`idalmacen`)
) ENGINE=MyISAM AUTO_INCREMENT=6 DEFAULT CHARSET=utf8;

--
-- Volcado de datos para la tabla `productos_almacen`
--

INSERT INTO `productos_almacen` (`idalmacen`, `idproducto`, `cantidad`, `stock`, `lote`, `fecha_registro`, `fecha_caducidad`, `proveedor`, `activo`, `alerta`, `reg`) VALUES
(1, 1, 23, 23, 'a1', '2021-01-12', '2021-01-13', 0, 1, 0, '2021-01-12 10:12:04'),
(2, 2, 30, 25, 'ta', '2021-01-14', '2021-01-14', 0, 1, 0, '2021-01-14 15:48:46'),
(3, 2, 34, 33, 'a1', '2021-01-22', '2021-01-15', 0, 1, 0, '2021-01-14 17:49:44'),
(4, 2, 56, 40, 'a12', '2021-01-14', '2021-01-15', 0, 1, 0, '2021-01-14 17:51:07'),
(5, 2, 34, 30, '4df', '2021-01-15', '2021-01-19', 1, 1, 1, '2021-01-15 10:08:23');

-- --------------------------------------------------------

--
-- Estructura de tabla para la tabla `productos_venta_detalles`
--

DROP TABLE IF EXISTS `productos_venta_detalles`;
CREATE TABLE IF NOT EXISTS `productos_venta_detalles` (
  `iddetalles` int(11) NOT NULL AUTO_INCREMENT,
  `idconsulta` bigint(20) NOT NULL,
  `idalmacen` int(11) NOT NULL,
  `cantidad` int(11) NOT NULL,
  `preciou` int(11) NOT NULL,
  `total` decimal(17,2) NOT NULL,
  `activo` int(1) NOT NULL DEFAULT '1',
  PRIMARY KEY (`iddetalles`)
) ENGINE=InnoDB AUTO_INCREMENT=11 DEFAULT CHARSET=utf8;

--
-- Volcado de datos para la tabla `productos_venta_detalles`
--

INSERT INTO `productos_venta_detalles` (`iddetalles`, `idconsulta`, `idalmacen`, `cantidad`, `preciou`, `total`, `activo`) VALUES
(1, 0, 2, 1, 40, '40.00', 1),
(2, 0, 3, 1, 40, '40.00', 1),
(3, 16, 2, 1, 40, '40.00', 1),
(4, 16, 3, 1, 40, '40.00', 1),
(5, 16, 4, 2, 40, '80.00', 1),
(6, 16, 2, 2, 40, '80.00', 1),
(7, 16, 2, 1, 40, '40.00', 1),
(8, 16, 5, 4, 40, '160.00', 1),
(9, 16, 4, 4, 40, '160.00', 1),
(10, 16, 4, 10, 40, '400.00', 1);

-- --------------------------------------------------------

--
-- Estructura de tabla para la tabla `proveedor`
--

DROP TABLE IF EXISTS `proveedor`;
CREATE TABLE IF NOT EXISTS `proveedor` (
  `idproveedor` int(11) NOT NULL AUTO_INCREMENT,
  `nombre` varchar(255) NOT NULL,
  `correo` varchar(255) NOT NULL,
  `celular` varchar(15) NOT NULL,
  `tel_oficina` varchar(15) NOT NULL,
  `contacto` varchar(255) NOT NULL,
  `check_fiscales` varchar(2) NOT NULL,
  `razon_social` varchar(255) NOT NULL,
  `calle` varchar(255) NOT NULL,
  `no_ext` varchar(50) NOT NULL,
  `no_int` varchar(50) NOT NULL,
  `colonia` varchar(255) NOT NULL,
  `localidad` varchar(255) NOT NULL,
  `municipio` varchar(255) NOT NULL,
  `estado` varchar(100) NOT NULL,
  `pais` varchar(100) NOT NULL,
  `codigo_postal` varchar(10) NOT NULL,
  `rfc` varchar(20) NOT NULL,
  `activo` int(1) NOT NULL DEFAULT '1',
  `reg` datetime NOT NULL,
  PRIMARY KEY (`idproveedor`)
) ENGINE=MyISAM AUTO_INCREMENT=2 DEFAULT CHARSET=utf8;

--
-- Volcado de datos para la tabla `proveedor`
--

INSERT INTO `proveedor` (`idproveedor`, `nombre`, `correo`, `celular`, `tel_oficina`, `contacto`, `check_fiscales`, `razon_social`, `calle`, `no_ext`, `no_int`, `colonia`, `localidad`, `municipio`, `estado`, `pais`, `codigo_postal`, `rfc`, `activo`, `reg`) VALUES
(1, 'Ejecutivo ', 'rwe@gmail.com', '4234234234', '4234234', 'asdfghjklñ', '', '', '', '', '', '', '', '', '', '', '', '', 1, '2021-01-14 16:12:33');

-- --------------------------------------------------------

--
-- Estructura de tabla para la tabla `receta`
--

DROP TABLE IF EXISTS `receta`;
CREATE TABLE IF NOT EXISTS `receta` (
  `idreceta` bigint(20) NOT NULL AUTO_INCREMENT,
  `idconsulta` bigint(20) NOT NULL,
  `indicaciones` text NOT NULL,
  `activo` int(1) NOT NULL DEFAULT '1',
  PRIMARY KEY (`idreceta`)
) ENGINE=MyISAM DEFAULT CHARSET=utf8;

-- --------------------------------------------------------

--
-- Estructura de tabla para la tabla `receta_medicamento`
--

DROP TABLE IF EXISTS `receta_medicamento`;
CREATE TABLE IF NOT EXISTS `receta_medicamento` (
  `idmedicamento` bigint(20) NOT NULL AUTO_INCREMENT,
  `idreceta` bigint(20) NOT NULL,
  `medicamento` text NOT NULL,
  `tomar` text NOT NULL,
  `activo` int(1) NOT NULL DEFAULT '1',
  PRIMARY KEY (`idmedicamento`)
) ENGINE=MyISAM DEFAULT CHARSET=utf8;

-- --------------------------------------------------------

--
-- Estructura de tabla para la tabla `relevante_historia`
--

DROP TABLE IF EXISTS `relevante_historia`;
CREATE TABLE IF NOT EXISTS `relevante_historia` (
  `idrelevante` int(11) NOT NULL AUTO_INCREMENT,
  `idpaciente` int(11) NOT NULL,
  `antecedentes` text NOT NULL,
  `negadas` varchar(10) NOT NULL,
  `alergias` text NOT NULL,
  `quien_refiere` text NOT NULL,
  `motivo_consulta` text NOT NULL,
  `observaciones` text NOT NULL,
  PRIMARY KEY (`idrelevante`)
) ENGINE=MyISAM AUTO_INCREMENT=3 DEFAULT CHARSET=utf8;

--
-- Volcado de datos para la tabla `relevante_historia`
--

INSERT INTO `relevante_historia` (`idrelevante`, `idpaciente`, `antecedentes`, `negadas`, `alergias`, `quien_refiere`, `motivo_consulta`, `observaciones`) VALUES
(1, 1, 'sdfsdfsdf', '0', '', '', '', ''),
(2, 3, 'd', '0', 'd', 'g', 'd', 'd');

-- --------------------------------------------------------

--
-- Estructura de tabla para la tabla `s1sintomas_generales`
--

DROP TABLE IF EXISTS `s1sintomas_generales`;
CREATE TABLE IF NOT EXISTS `s1sintomas_generales` (
  `idsintomas` int(11) NOT NULL AUTO_INCREMENT,
  `idpaciente` int(11) NOT NULL,
  `fiebre` varchar(100) NOT NULL,
  `astenia` varchar(100) NOT NULL,
  `aumento` varchar(100) NOT NULL,
  `modificacion` varchar(100) NOT NULL,
  `reg` datetime NOT NULL,
  PRIMARY KEY (`idsintomas`)
) ENGINE=MyISAM AUTO_INCREMENT=3 DEFAULT CHARSET=utf8;

--
-- Volcado de datos para la tabla `s1sintomas_generales`
--

INSERT INTO `s1sintomas_generales` (`idsintomas`, `idpaciente`, `fiebre`, `astenia`, `aumento`, `modificacion`, `reg`) VALUES
(1, 1, 'fi', 'astenia', 'peso', 'modifica', '2021-01-14 11:06:45'),
(2, 3, 'a', 's', '', '', '2021-01-26 19:33:05');

-- --------------------------------------------------------

--
-- Estructura de tabla para la tabla `s2aparato_respiratorio`
--

DROP TABLE IF EXISTS `s2aparato_respiratorio`;
CREATE TABLE IF NOT EXISTS `s2aparato_respiratorio` (
  `idaparato` int(11) NOT NULL AUTO_INCREMENT,
  `idpaciente` int(11) NOT NULL,
  `rinorrea` varchar(100) NOT NULL,
  `epistaxis` varchar(100) NOT NULL,
  `tos` varchar(100) NOT NULL,
  `expectoracion` varchar(100) NOT NULL,
  `disfonia` varchar(100) NOT NULL,
  `hemoptitis` varchar(100) NOT NULL,
  `cianosis` varchar(100) NOT NULL,
  `dolor` varchar(100) NOT NULL,
  `disnea` varchar(100) NOT NULL,
  `sibilancias` varchar(100) NOT NULL,
  `reg` datetime NOT NULL,
  PRIMARY KEY (`idaparato`)
) ENGINE=InnoDB AUTO_INCREMENT=4 DEFAULT CHARSET=utf8;

--
-- Volcado de datos para la tabla `s2aparato_respiratorio`
--

INSERT INTO `s2aparato_respiratorio` (`idaparato`, `idpaciente`, `rinorrea`, `epistaxis`, `tos`, `expectoracion`, `disfonia`, `hemoptitis`, `cianosis`, `dolor`, `disnea`, `sibilancias`, `reg`) VALUES
(1, 1, 'a', '', '', '', '', '', '', '', '', '', '2021-01-19 15:58:46'),
(2, 1, 'ss', 'ffff', 'ddd', 'dd', 'dd', 'd', 'dd', 'ddd', 'ddd', 'ddd', '2021-01-19 15:58:48'),
(3, 3, 'dddd', 'ddd', '', '', '', '', '', '', '', '', '2021-01-21 15:59:23');

-- --------------------------------------------------------

--
-- Estructura de tabla para la tabla `s3digestivo`
--

DROP TABLE IF EXISTS `s3digestivo`;
CREATE TABLE IF NOT EXISTS `s3digestivo` (
  `iddigestivo` int(11) NOT NULL AUTO_INCREMENT,
  `idpaciente` varchar(100) NOT NULL,
  `hambre` varchar(100) NOT NULL,
  `apetito` varchar(100) NOT NULL,
  `masticacion` varchar(100) NOT NULL,
  `disfagia` varchar(100) NOT NULL,
  `halitosis` varchar(100) NOT NULL,
  `nausea` varchar(100) NOT NULL,
  `rumiacion` varchar(100) NOT NULL,
  `pirosis` varchar(100) NOT NULL,
  `aerofagia` varchar(100) NOT NULL,
  `eructos` varchar(100) NOT NULL,
  `meteorismo` varchar(100) NOT NULL,
  `distension` varchar(100) NOT NULL,
  `gases` varchar(100) NOT NULL,
  `hematemesis` varchar(100) NOT NULL,
  `ictericia` varchar(100) NOT NULL,
  `fecales` varchar(100) NOT NULL,
  `constipacion` varchar(100) NOT NULL,
  `haces_blancas` varchar(100) NOT NULL,
  `verdes` varchar(100) NOT NULL,
  `haces_negras` varchar(100) NOT NULL,
  `amarillas` varchar(100) NOT NULL,
  `rojas` varchar(100) NOT NULL,
  `esteatorrea_aceitosas` varchar(100) NOT NULL,
  `parsitos` varchar(100) NOT NULL,
  `pujo` varchar(100) NOT NULL,
  `lienteria` varchar(100) NOT NULL,
  `tenesmo` varchar(100) NOT NULL,
  `prurito` varchar(100) NOT NULL,
  `reg` datetime NOT NULL,
  PRIMARY KEY (`iddigestivo`)
) ENGINE=MyISAM AUTO_INCREMENT=5 DEFAULT CHARSET=utf8;

--
-- Volcado de datos para la tabla `s3digestivo`
--

INSERT INTO `s3digestivo` (`iddigestivo`, `idpaciente`, `hambre`, `apetito`, `masticacion`, `disfagia`, `halitosis`, `nausea`, `rumiacion`, `pirosis`, `aerofagia`, `eructos`, `meteorismo`, `distension`, `gases`, `hematemesis`, `ictericia`, `fecales`, `constipacion`, `haces_blancas`, `verdes`, `haces_negras`, `amarillas`, `rojas`, `esteatorrea_aceitosas`, `parsitos`, `pujo`, `lienteria`, `tenesmo`, `prurito`, `reg`) VALUES
(1, '1', 'carnes', 'apetiro', 'maticacion', 'distagia', 'halitis', 'nauseas', 'ruminacion', 'pirosis', '', '', '', '', '', '', '', '', '', '', '', '', '', '', '', '', '', '', '', '', '2021-01-20 13:14:35'),
(2, '1', 'carnes', 'apetiro', 'maticacion', 'distagia', 'halitis', 'nauseas', 'ruminacion', 'pirosis', 'aerofagia', 'eructos', 'meteorismo', 'provocando', 'gases', 'hematemesis', 'cololacion', 'fecales', 'constipacion', 'blnacas', 'verdes', 'negras', 'amarillas', 'rojas', 'lencia', 'parasitos', 'oujo', 'tenesmo', '', 'prlito', '2021-01-20 13:15:28'),
(3, '1', 'carnes', 'apetiro', 'maticacion', 'distagia', 'halitis', 'nauseas', 'ruminacion', 'pirosis', 'aerofagia', 'eructos', 'meteorismo', 'provocando', 'gases', 'hematemesis', 'cololacion', 'fecales', 'constipacion', 'blnacas', 'verdes', 'negras', 'amarillas', 'rojas', 'lencia', 'parasitos', 'oujo', 'lienteria', 'tenesmo', 'prlito', '2021-01-20 13:19:55'),
(4, '1', 'carnes', 'apetiro', 'maticacion', 'distagia', 'halitis', 'nauseas', 'ruminacion', 'pirosis', 'aerofagia', 'eructos', 'meteorismo', 'provocando', 'gases', 'hematemesis', 'cololacion', 'fecales', 'constipacion', 'blnacas', 'verdes', 'negras', 'amarillas', 'rojas', 'Esteatorre', 'parasitos', 'oujo', 'lienteria', 'tenesmo', 'prlito', '2021-01-20 13:20:59');

-- --------------------------------------------------------

--
-- Estructura de tabla para la tabla `s4cardiovascular`
--

DROP TABLE IF EXISTS `s4cardiovascular`;
CREATE TABLE IF NOT EXISTS `s4cardiovascular` (
  `idcardio` int(11) NOT NULL AUTO_INCREMENT,
  `idpaciente` int(11) NOT NULL,
  `palpitaciones` varchar(100) NOT NULL,
  `dolor_precordial` varchar(100) NOT NULL,
  `disnea_esfuerzo` varchar(100) NOT NULL,
  `disnea_paroxistica` varchar(100) NOT NULL,
  `apnea` varchar(100) NOT NULL,
  `cianosis` varchar(100) NOT NULL,
  `acufenos` varchar(100) NOT NULL,
  `fosfenos` varchar(100) NOT NULL,
  `sincope` varchar(100) NOT NULL,
  `lipotimias` varchar(100) NOT NULL,
  `edema` varchar(100) NOT NULL,
  `reg` datetime NOT NULL,
  PRIMARY KEY (`idcardio`)
) ENGINE=MyISAM AUTO_INCREMENT=2 DEFAULT CHARSET=utf8;

--
-- Volcado de datos para la tabla `s4cardiovascular`
--

INSERT INTO `s4cardiovascular` (`idcardio`, `idpaciente`, `palpitaciones`, `dolor_precordial`, `disnea_esfuerzo`, `disnea_paroxistica`, `apnea`, `cianosis`, `acufenos`, `fosfenos`, `sincope`, `lipotimias`, `edema`, `reg`) VALUES
(1, 1, 'Palpitacion', 'olor precordial(d', 'Disnea de ', 'Disnea paroxística(difi', 'Apnea(d', 'Cianosis(colo', ' Acúfenos', ' Fosfenos(percep', 'Síncope(', 'Lipotimias', 'Edema ', '2021-01-20 13:45:21');

-- --------------------------------------------------------

--
-- Estructura de tabla para la tabla `s5renalurinario`
--

DROP TABLE IF EXISTS `s5renalurinario`;
CREATE TABLE IF NOT EXISTS `s5renalurinario` (
  `idrenal` int(11) NOT NULL AUTO_INCREMENT,
  `idpaciente` int(11) NOT NULL,
  `renoureteral` varchar(100) NOT NULL,
  `disuria` varchar(100) NOT NULL,
  `anuria` varchar(100) NOT NULL,
  `oliguria` varchar(100) NOT NULL,
  `poliuria` varchar(100) NOT NULL,
  `polaquiuria` varchar(100) NOT NULL,
  `hematuria` varchar(100) NOT NULL,
  `piuria` varchar(100) NOT NULL,
  `coluria` varchar(100) NOT NULL,
  `incontinencia` varchar(100) NOT NULL,
  `edema` varchar(100) NOT NULL,
  `reg` datetime NOT NULL,
  PRIMARY KEY (`idrenal`)
) ENGINE=MyISAM AUTO_INCREMENT=2 DEFAULT CHARSET=utf8;

--
-- Volcado de datos para la tabla `s5renalurinario`
--

INSERT INTO `s5renalurinario` (`idrenal`, `idpaciente`, `renoureteral`, `disuria`, `anuria`, `oliguria`, `poliuria`, `polaquiuria`, `hematuria`, `piuria`, `coluria`, `incontinencia`, `edema`, `reg`) VALUES
(1, 1, 'Dolor renoure', 'Dolor renoure', 'Dolor renoure', 'Dolor renoure', 'Dolor renoure', 'Polaquiuria (nece', 'ematu', 'Piuria(pre', 'Piuria(pre', 'Inco', 'Edema(exce', '2021-01-20 14:03:22');

-- --------------------------------------------------------

--
-- Estructura de tabla para la tabla `s6genital_femenino`
--

DROP TABLE IF EXISTS `s6genital_femenino`;
CREATE TABLE IF NOT EXISTS `s6genital_femenino` (
  `idgenital` int(11) NOT NULL AUTO_INCREMENT,
  `idpaciente` int(11) NOT NULL,
  `leucorrea` varchar(100) NOT NULL,
  `hemorragias` varchar(100) NOT NULL,
  `alteraciones_menstruales` varchar(100) NOT NULL,
  `alteracioneslibido` varchar(100) NOT NULL,
  `practica_sexual` varchar(100) NOT NULL,
  `alteraciones_sangrado` varchar(100) NOT NULL,
  `dispareunia` varchar(100) NOT NULL,
  `perturbaciones` varchar(100) NOT NULL,
  `reg` datetime NOT NULL,
  PRIMARY KEY (`idgenital`)
) ENGINE=MyISAM AUTO_INCREMENT=2 DEFAULT CHARSET=utf8;

--
-- Volcado de datos para la tabla `s6genital_femenino`
--

INSERT INTO `s6genital_femenino` (`idgenital`, `idpaciente`, `leucorrea`, `hemorragias`, `alteraciones_menstruales`, `alteracioneslibido`, `practica_sexual`, `alteraciones_sangrado`, `dispareunia`, `perturbaciones`, `reg`) VALUES
(1, 1, 'Leucorrea(flujo', 'Hemorragias transv', ' Alteracio', 'Alteraci', 'Práctica sexua', ' Alteraciones del sangrado me', 'Dispareunia(dolor o molestia,', 'Perturbaciones y a', '2021-01-20 15:38:13');

-- --------------------------------------------------------

--
-- Estructura de tabla para la tabla `s7endocrino`
--

DROP TABLE IF EXISTS `s7endocrino`;
CREATE TABLE IF NOT EXISTS `s7endocrino` (
  `idendocrino` int(11) NOT NULL AUTO_INCREMENT,
  `idpaciente` int(100) NOT NULL,
  `intolerancia_frio` varchar(100) NOT NULL,
  `hiperactividad` varchar(100) NOT NULL,
  `aumento_volumen` varchar(100) NOT NULL,
  `polidipsia` varchar(100) NOT NULL,
  `polifagia` varchar(100) NOT NULL,
  `poliuria` varchar(100) NOT NULL,
  `cambios_caracteres` varchar(100) NOT NULL,
  `aumento_perdida` varchar(100) NOT NULL,
  `reg` datetime NOT NULL,
  PRIMARY KEY (`idendocrino`)
) ENGINE=MyISAM AUTO_INCREMENT=2 DEFAULT CHARSET=utf8;

--
-- Volcado de datos para la tabla `s7endocrino`
--

INSERT INTO `s7endocrino` (`idendocrino`, `idpaciente`, `intolerancia_frio`, `hiperactividad`, `aumento_volumen`, `polidipsia`, `polifagia`, `poliuria`, `cambios_caracteres`, `aumento_perdida`, `reg`) VALUES
(1, 1, 'Intolerancia ', 'Hiperacti', 'Aumento de vo ddd', 'Polidipsia', 'Polifagia(aume', 'Poliuria(exc', 'Cambios en los caracteres sexuale', 'Aumento ', '2021-01-20 15:48:39');

-- --------------------------------------------------------

--
-- Estructura de tabla para la tabla `s8hematopoyetico`
--

DROP TABLE IF EXISTS `s8hematopoyetico`;
CREATE TABLE IF NOT EXISTS `s8hematopoyetico` (
  `idhematopoyetico` int(100) NOT NULL AUTO_INCREMENT,
  `idpaciente` varchar(100) NOT NULL,
  `palidez` varchar(100) NOT NULL,
  `disnea` varchar(100) NOT NULL,
  `fatigabilidad` varchar(100) NOT NULL,
  `palpitaciones` varchar(100) NOT NULL,
  `sangrado` varchar(100) NOT NULL,
  `equimosis` varchar(100) NOT NULL,
  `petequia` varchar(100) NOT NULL,
  `astenia` varchar(100) NOT NULL,
  `reg` datetime NOT NULL,
  PRIMARY KEY (`idhematopoyetico`)
) ENGINE=MyISAM AUTO_INCREMENT=2 DEFAULT CHARSET=utf8;

--
-- Volcado de datos para la tabla `s8hematopoyetico`
--

INSERT INTO `s8hematopoyetico` (`idhematopoyetico`, `idpaciente`, `palidez`, `disnea`, `fatigabilidad`, `palpitaciones`, `sangrado`, `equimosis`, `petequia`, `astenia`, `reg`) VALUES
(1, '1', 'Palide', 'Disnea(difi', 'Disnea(difi', 'Disnea(difi', 'Sangr', ' Equimosis(m', 'Petequias(lesione', 'Astenia(debilidad', '2021-01-20 16:06:55');

-- --------------------------------------------------------

--
-- Estructura de tabla para la tabla `s9musculo_esqueletico`
--

DROP TABLE IF EXISTS `s9musculo_esqueletico`;
CREATE TABLE IF NOT EXISTS `s9musculo_esqueletico` (
  `idmusculo` int(11) NOT NULL AUTO_INCREMENT,
  `idpaciente` int(11) NOT NULL,
  `mialgias` varchar(100) NOT NULL,
  `dolor_oseo` varchar(100) NOT NULL,
  `artralgias` varchar(100) NOT NULL,
  `alteraciones` varchar(100) NOT NULL,
  `disminucion_volumen` varchar(100) NOT NULL,
  `limitacion_movimiento` varchar(100) NOT NULL,
  `deformacion` varchar(100) NOT NULL,
  `reg` datetime NOT NULL,
  PRIMARY KEY (`idmusculo`)
) ENGINE=MyISAM AUTO_INCREMENT=2 DEFAULT CHARSET=utf8;

--
-- Volcado de datos para la tabla `s9musculo_esqueletico`
--

INSERT INTO `s9musculo_esqueletico` (`idmusculo`, `idpaciente`, `mialgias`, `dolor_oseo`, `artralgias`, `alteraciones`, `disminucion_volumen`, `limitacion_movimiento`, `deformacion`, `reg`) VALUES
(1, 1, 'Mialgias ', 'Dolor ó', 'Artralgias (D', 'Alteraciones en la ', 'Disminución del ', ' Limitación del mo', 'Deformaciones', '2021-01-20 16:22:13');

-- --------------------------------------------------------

--
-- Estructura de tabla para la tabla `s10nervioso`
--

DROP TABLE IF EXISTS `s10nervioso`;
CREATE TABLE IF NOT EXISTS `s10nervioso` (
  `idnervioso` int(11) NOT NULL AUTO_INCREMENT,
  `idpaciente` varchar(100) NOT NULL,
  `cefaleas` varchar(100) NOT NULL,
  `paresias` varchar(100) NOT NULL,
  `parestesias` varchar(100) NOT NULL,
  `movimientos_anormales` varchar(100) NOT NULL,
  `alteraciones_marcha` varchar(100) NOT NULL,
  `vertigo` varchar(100) NOT NULL,
  `mareos` varchar(100) NOT NULL,
  `reg` datetime NOT NULL,
  PRIMARY KEY (`idnervioso`)
) ENGINE=MyISAM AUTO_INCREMENT=2 DEFAULT CHARSET=utf8;

--
-- Volcado de datos para la tabla `s10nervioso`
--

INSERT INTO `s10nervioso` (`idnervioso`, `idpaciente`, `cefaleas`, `paresias`, `parestesias`, `movimientos_anormales`, `alteraciones_marcha`, `vertigo`, `mareos`, `reg`) VALUES
(1, '1', 'Cefaleas (Dolor de c', 'Paresias (P', 'Parestesias (Adormecimiento manos,', 'Movimie', 'Alteracione', 'Vértigo ', 'Mareos', '2021-01-20 17:00:56');

-- --------------------------------------------------------

--
-- Estructura de tabla para la tabla `s11organos_sentidos`
--

DROP TABLE IF EXISTS `s11organos_sentidos`;
CREATE TABLE IF NOT EXISTS `s11organos_sentidos` (
  `idorganos` int(11) NOT NULL AUTO_INCREMENT,
  `idpaciente` int(11) NOT NULL,
  `alteraciones_vision` varchar(100) NOT NULL,
  `audicion` varchar(100) NOT NULL,
  `olfato` varchar(100) NOT NULL,
  `gusto` varchar(100) NOT NULL,
  `tacto` varchar(100) NOT NULL,
  `mareos` varchar(100) NOT NULL,
  `sensaciones` varchar(100) NOT NULL,
  `reg` datetime NOT NULL,
  PRIMARY KEY (`idorganos`)
) ENGINE=MyISAM AUTO_INCREMENT=2 DEFAULT CHARSET=utf8;

--
-- Volcado de datos para la tabla `s11organos_sentidos`
--

INSERT INTO `s11organos_sentidos` (`idorganos`, `idpaciente`, `alteraciones_vision`, `audicion`, `olfato`, `gusto`, `tacto`, `mareos`, `sensaciones`, `reg`) VALUES
(1, 1, 'Alteraciones ', 'Audición', ' Olfato ', 'Gusto', 'Gusto', 'Mare', 'Mare', '2021-01-20 17:20:38');

-- --------------------------------------------------------

--
-- Estructura de tabla para la tabla `s12esfera_psiquica`
--

DROP TABLE IF EXISTS `s12esfera_psiquica`;
CREATE TABLE IF NOT EXISTS `s12esfera_psiquica` (
  `idesfera` int(11) NOT NULL AUTO_INCREMENT,
  `idpaciente` int(11) NOT NULL,
  `tristeza` varchar(100) NOT NULL,
  `euforia` varchar(100) NOT NULL,
  `alteraciones_sueno` varchar(100) NOT NULL,
  `terrores_nocturnos` varchar(100) NOT NULL,
  `ideaciones` varchar(100) NOT NULL,
  `miedo_exagerado` varchar(100) NOT NULL,
  `irritabilidad` varchar(100) NOT NULL,
  `apatia` varchar(100) NOT NULL,
  `relaciones_personales` varchar(100) NOT NULL,
  `reg` datetime NOT NULL,
  PRIMARY KEY (`idesfera`)
) ENGINE=MyISAM AUTO_INCREMENT=2 DEFAULT CHARSET=utf8;

--
-- Volcado de datos para la tabla `s12esfera_psiquica`
--

INSERT INTO `s12esfera_psiquica` (`idesfera`, `idpaciente`, `tristeza`, `euforia`, `alteraciones_sueno`, `terrores_nocturnos`, `ideaciones`, `miedo_exagerado`, `irritabilidad`, `apatia`, `relaciones_personales`, `reg`) VALUES
(1, 1, 'Tristez', ' Euforia ', 'Alteraciones del s', 'Alteraciones del s', 'Alteraciones del s', 'Miedo exagerado ', 'Irritabilidad ', '', 'Relaciones perso', '2021-01-20 17:46:11');

-- --------------------------------------------------------

--
-- Estructura de tabla para la tabla `s13tegumentario`
--

DROP TABLE IF EXISTS `s13tegumentario`;
CREATE TABLE IF NOT EXISTS `s13tegumentario` (
  `idtegumentario` int(11) NOT NULL AUTO_INCREMENT,
  `idpaciente` int(11) NOT NULL,
  `coloracion_anormal` varchar(100) NOT NULL,
  `pigmentacion` varchar(100) NOT NULL,
  `prurito` varchar(100) NOT NULL,
  `caracteristicas` varchar(100) NOT NULL,
  `unas` varchar(100) NOT NULL,
  `hiperhidrosis` varchar(100) NOT NULL,
  `xerodermia` varchar(100) NOT NULL,
  `reg` datetime NOT NULL,
  PRIMARY KEY (`idtegumentario`)
) ENGINE=MyISAM AUTO_INCREMENT=2 DEFAULT CHARSET=utf8;

--
-- Volcado de datos para la tabla `s13tegumentario`
--

INSERT INTO `s13tegumentario` (`idtegumentario`, `idpaciente`, `coloracion_anormal`, `pigmentacion`, `prurito`, `caracteristicas`, `unas`, `hiperhidrosis`, `xerodermia`, `reg`) VALUES
(1, 1, 'Coloración an', 'Pigment', ' Prurito(H', 'Caracterís', 'Uñas (firmes, queb', 'Hiperhidrosis (exc', 'Xerodermia', '2021-01-20 18:03:03');

-- --------------------------------------------------------

--
-- Estructura de tabla para la tabla `servicios`
--

DROP TABLE IF EXISTS `servicios`;
CREATE TABLE IF NOT EXISTS `servicios` (
  `idservicio` int(11) NOT NULL AUTO_INCREMENT,
  `nombre` varchar(255) NOT NULL,
  `descripcion` text NOT NULL,
  `cantidad` varchar(255) NOT NULL,
  `costo` decimal(17,2) NOT NULL,
  `duracion` varchar(255) NOT NULL,
  `categoria` int(11) NOT NULL,
  `encargado` varchar(255) NOT NULL,
  `activo` int(1) NOT NULL DEFAULT '1',
  `reg` datetime NOT NULL,
  PRIMARY KEY (`idservicio`)
) ENGINE=MyISAM AUTO_INCREMENT=5 DEFAULT CHARSET=utf8;

--
-- Volcado de datos para la tabla `servicios`
--

INSERT INTO `servicios` (`idservicio`, `nombre`, `descripcion`, `cantidad`, `costo`, `duracion`, `categoria`, `encargado`, `activo`, `reg`) VALUES
(1, 'Masaje m', 'tallon m', '2 sesiones d', '201.00', 'media hora fff', 1, 'Samuel m', 0, '2021-01-12 13:40:51'),
(2, 'CELULITIS', 'La celulitis es una paniculopatìa edemato-fibroescleròtica, que afecta al panículo adiposo hipodérmico con edemas por alteración en la microcirculaciòn con aumento de la permeabilidad capilar.', '234', '1000.00', 'eqwe', 3, 'Samuel', 1, '2021-01-12 15:42:53'),
(3, 'PÓMULOS Y MENTÓN', 'Existen varios procedimientos para realzar dicho volumen.\r\nNormalmente lo realizamos con la propia grasa del paciente', 'rwer', '500.00', 'ert', 3, 'fgdfg', 1, '2021-01-12 15:44:19'),
(4, 'FACTORES DE CRECIMIENTO PLAQUETARIO', 'La ingeniería de los tejidos (tisular) ofrece en la actualidad nuevas opciones de tratamiento en Medicina y Cirugía Estética.', 'tetrrt', '800.00', 'rwer', 1, 'reter', 1, '2021-01-12 15:48:28');

-- --------------------------------------------------------

--
-- Estructura de tabla para la tabla `servicios_categoria`
--

DROP TABLE IF EXISTS `servicios_categoria`;
CREATE TABLE IF NOT EXISTS `servicios_categoria` (
  `idcategoria` int(11) NOT NULL AUTO_INCREMENT,
  `nombre` varchar(255) NOT NULL,
  `activo` int(1) NOT NULL DEFAULT '1',
  PRIMARY KEY (`idcategoria`)
) ENGINE=MyISAM AUTO_INCREMENT=5 DEFAULT CHARSET=utf8;

--
-- Volcado de datos para la tabla `servicios_categoria`
--

INSERT INTO `servicios_categoria` (`idcategoria`, `nombre`, `activo`) VALUES
(1, 'Masaje', 1),
(2, 'Limpieza em cara', 0),
(3, 'Estiramiento', 1),
(4, 'prueba 2', 0);

-- --------------------------------------------------------

--
-- Estructura de tabla para la tabla `servicio_venta_detalles`
--

DROP TABLE IF EXISTS `servicio_venta_detalles`;
CREATE TABLE IF NOT EXISTS `servicio_venta_detalles` (
  `iddetalles` bigint(20) NOT NULL AUTO_INCREMENT,
  `idconsulta` bigint(20) NOT NULL,
  `idservicio` int(11) NOT NULL,
  `costo` decimal(17,2) NOT NULL,
  `activo` int(1) NOT NULL DEFAULT '1',
  PRIMARY KEY (`iddetalles`)
) ENGINE=MyISAM AUTO_INCREMENT=11 DEFAULT CHARSET=utf8;

--
-- Volcado de datos para la tabla `servicio_venta_detalles`
--

INSERT INTO `servicio_venta_detalles` (`iddetalles`, `idconsulta`, `idservicio`, `costo`, `activo`) VALUES
(1, 0, 2, '1000.00', 1),
(2, 0, 4, '800.00', 0),
(3, 0, 3, '500.00', 0),
(4, 0, 3, '500.00', 0),
(5, 0, 3, '500.00', 1),
(6, 0, 4, '800.00', 1),
(7, 0, 3, '500.00', 1),
(8, 0, 4, '800.00', 1),
(9, 16, 3, '500.00', 1),
(10, 16, 4, '800.00', 1);

-- --------------------------------------------------------

--
-- Estructura de tabla para la tabla `tipo`
--

DROP TABLE IF EXISTS `tipo`;
CREATE TABLE IF NOT EXISTS `tipo` (
  `idtipo` int(11) NOT NULL AUTO_INCREMENT,
  `nombre` varchar(255) NOT NULL,
  `activo` int(1) NOT NULL DEFAULT '1',
  PRIMARY KEY (`idtipo`)
) ENGINE=MyISAM AUTO_INCREMENT=10 DEFAULT CHARSET=utf8;

--
-- Volcado de datos para la tabla `tipo`
--

INSERT INTO `tipo` (`idtipo`, `nombre`, `activo`) VALUES
(1, 'Ópico', 1),
(2, 'Ótico', 1),
(3, 'Tabletas', 1),
(4, 'Capletas', 1),
(5, 'Oftálmico', 1),
(6, 'Inyectable', 1),
(7, 'Polimérico', 1),
(8, 'Capsulas', 1),
(9, 'Pastillas azules 1', 0);

-- --------------------------------------------------------

--
-- Estructura de tabla para la tabla `usuarios`
--

DROP TABLE IF EXISTS `usuarios`;
CREATE TABLE IF NOT EXISTS `usuarios` (
  `UsuarioID` int(11) NOT NULL AUTO_INCREMENT,
  `perfilId` int(11) NOT NULL,
  `personalId` int(11) NOT NULL,
  `Usuario` varchar(45) DEFAULT NULL,
  `contrasena` varchar(80) DEFAULT NULL,
  `estatus` int(11) NOT NULL DEFAULT '1',
  PRIMARY KEY (`UsuarioID`),
  KEY `fk_usuarios_Perfiles1_idx` (`perfilId`),
  KEY `fk_usuarios_personal1_idx` (`personalId`)
) ENGINE=InnoDB AUTO_INCREMENT=2 DEFAULT CHARSET=latin1;

--
-- Volcado de datos para la tabla `usuarios`
--

INSERT INTO `usuarios` (`UsuarioID`, `perfilId`, `personalId`, `Usuario`, `contrasena`, `estatus`) VALUES
(1, 1, 1, 'admin', '$2y$10$.yBpfsTTEmhYhECki.qy3eL45XaLo3MinuIPgiPsjmXBYItZXHUga', 1);

-- --------------------------------------------------------

--
-- Estructura de tabla para la tabla `usuarios_asitente`
--

DROP TABLE IF EXISTS `usuarios_asitente`;
CREATE TABLE IF NOT EXISTS `usuarios_asitente` (
  `UsuarioID` int(11) NOT NULL AUTO_INCREMENT,
  `perfilId` int(11) NOT NULL,
  `asitenteId` int(11) NOT NULL,
  `Usuario` varchar(45) NOT NULL,
  `contrasena` varchar(80) NOT NULL,
  `estatus` int(1) NOT NULL DEFAULT '1',
  PRIMARY KEY (`UsuarioID`)
) ENGINE=MyISAM AUTO_INCREMENT=3 DEFAULT CHARSET=utf8;

--
-- Volcado de datos para la tabla `usuarios_asitente`
--

INSERT INTO `usuarios_asitente` (`UsuarioID`, `perfilId`, `asitenteId`, `Usuario`, `contrasena`, `estatus`) VALUES
(1, 2, 1, 'rece', '$2y$10$stP5vJx5XHxjTkifqOSTvezxNmkc8yc0yWoCBgSH3CbNxqKytJbZ6', 1),
(2, 3, 2, 'apomed', '$2y$10$Odo5tybtJzF/DnCJfOHzLO/MHDuYCxgTtVMuQFCr8N726mCvIyAqO', 1);

--
-- Restricciones para tablas volcadas
--

--
-- Filtros para la tabla `perfiles_detalles`
--
ALTER TABLE `perfiles_detalles`
  ADD CONSTRAINT `fk_Perfiles_detalles_Perfiles1` FOREIGN KEY (`perfilId`) REFERENCES `perfiles` (`perfilId`) ON DELETE NO ACTION ON UPDATE NO ACTION,
  ADD CONSTRAINT `fk_Perfiles_detalles_menu_sub1` FOREIGN KEY (`MenusubId`) REFERENCES `menu_sub` (`MenusubId`) ON DELETE NO ACTION ON UPDATE NO ACTION;

--
-- Filtros para la tabla `usuarios`
--
ALTER TABLE `usuarios`
  ADD CONSTRAINT `fk_usuarios_Perfiles1` FOREIGN KEY (`perfilId`) REFERENCES `perfiles` (`perfilId`) ON DELETE NO ACTION ON UPDATE NO ACTION,
  ADD CONSTRAINT `usuarios_ibfk_1` FOREIGN KEY (`personalId`) REFERENCES `personal` (`personalId`);
COMMIT;

/*!40101 SET CHARACTER_SET_CLIENT=@OLD_CHARACTER_SET_CLIENT */;
/*!40101 SET CHARACTER_SET_RESULTS=@OLD_CHARACTER_SET_RESULTS */;
/*!40101 SET COLLATION_CONNECTION=@OLD_COLLATION_CONNECTION */;
